participant_id,group,task,week,evidence_quality_score,time_minutes,error_count
P001,Light-assisted workflow,Literature mapping,0,74.08,52.07,5
P001,Light-assisted workflow,Literature mapping,1,82.26,69.3,4
P001,Light-assisted workflow,Literature mapping,2,79.19,68.79,3
P001,Light-assisted workflow,Literature mapping,3,85.21,69.97,3
P001,Light-assisted workflow,Literature mapping,4,92.23,49.81,2
P001,Light-assisted workflow,Experiment reproduction,0,67.36,79.03,2
P001,Light-assisted workflow,Experiment reproduction,1,78.86,92.82,4
P001,Light-assisted workflow,Experiment reproduction,2,75.04,82.3,3
P001,Light-assisted workflow,Experiment reproduction,3,81.99,76.62,1
P001,Light-assisted workflow,Experiment reproduction,4,80.96,75.93,2
P001,Light-assisted workflow,Paper argumentation,0,62.82,81.51,3
P001,Light-assisted workflow,Paper argumentation,1,72.23,76.32,4
P001,Light-assisted workflow,Paper argumentation,2,76.34,85.42,4
P001,Light-assisted workflow,Paper argumentation,3,74.92,68.71,5
P001,Light-assisted workflow,Paper argumentation,4,80.7,78.36,3
P002,Baseline workflow,Literature mapping,0,50.1,72.74,4
P002,Baseline workflow,Literature mapping,1,53.38,79.88,4
P002,Baseline workflow,Literature mapping,2,62.79,66.16,6
P002,Baseline workflow,Literature mapping,3,59.55,55.78,3
P002,Baseline workflow,Literature mapping,4,68.36,58.8,4
P002,Baseline workflow,Experiment reproduction,0,42.57,90.82,1
P002,Baseline workflow,Experiment reproduction,1,49.12,101.87,2
P002,Baseline workflow,Experiment reproduction,2,43.47,78.81,2
P002,Baseline workflow,Experiment reproduction,3,59.09,92.78,7
P002,Baseline workflow,Experiment reproduction,4,57.56,72.66,3
P002,Baseline workflow,Paper argumentation,0,43.82,95.45,7
P002,Baseline workflow,Paper argumentation,1,47.18,91.48,3
P002,Baseline workflow,Paper argumentation,2,52.09,74.79,6
P002,Baseline workflow,Paper argumentation,3,60.29,84.65,8
P002,Baseline workflow,Paper argumentation,4,58.74,65.07,1
P003,Light-assisted workflow,Literature mapping,0,39.93,78.76,3
P003,Light-assisted workflow,Literature mapping,1,46.36,69.98,3
P003,Light-assisted workflow,Literature mapping,2,52.33,65.38,3
P003,Light-assisted workflow,Literature mapping,3,65.99,62.31,2
P003,Light-assisted workflow,Literature mapping,4,61.15,53.89,4
P003,Light-assisted workflow,Experiment reproduction,0,35.0,102.58,3
P003,Light-assisted workflow,Experiment reproduction,1,35.0,91.5,4
P003,Light-assisted workflow,Experiment reproduction,2,47.29,88.51,2
P003,Light-assisted workflow,Experiment reproduction,3,38.34,79.95,0
P003,Light-assisted workflow,Experiment reproduction,4,57.19,78.39,1
P003,Light-assisted workflow,Paper argumentation,0,35.0,93.71,5
P003,Light-assisted workflow,Paper argumentation,1,39.64,86.43,2
P003,Light-assisted workflow,Paper argumentation,2,50.38,76.08,1
P003,Light-assisted workflow,Paper argumentation,3,58.47,83.18,2
P003,Light-assisted workflow,Paper argumentation,4,66.85,61.45,4
P004,Light-assisted workflow,Literature mapping,0,50.26,88.65,3
P004,Light-assisted workflow,Literature mapping,1,53.02,73.05,3
P004,Light-assisted workflow,Literature mapping,2,71.95,62.37,1
P004,Light-assisted workflow,Literature mapping,3,68.33,49.31,3
P004,Light-assisted workflow,Literature mapping,4,76.25,61.61,2
P004,Light-assisted workflow,Experiment reproduction,0,49.39,88.16,4
P004,Light-assisted workflow,Experiment reproduction,1,55.79,88.85,7
P004,Light-assisted workflow,Experiment reproduction,2,64.58,75.67,7
P004,Light-assisted workflow,Experiment reproduction,3,66.14,92.24,3
P004,Light-assisted workflow,Experiment reproduction,4,62.17,68.41,5
P004,Light-assisted workflow,Paper argumentation,0,47.15,81.56,1
P004,Light-assisted workflow,Paper argumentation,1,54.66,91.32,5
P004,Light-assisted workflow,Paper argumentation,2,54.93,83.83,3
P004,Light-assisted workflow,Paper argumentation,3,56.33,67.26,2
P004,Light-assisted workflow,Paper argumentation,4,64.97,71.2,1
P005,Baseline workflow,Literature mapping,0,51.56,64.97,5
P005,Baseline workflow,Literature mapping,1,59.35,75.09,4
P005,Baseline workflow,Literature mapping,2,54.04,62.71,3
P005,Baseline workflow,Literature mapping,3,57.75,62.65,3
P005,Baseline workflow,Literature mapping,4,60.97,71.03,4
P005,Baseline workflow,Experiment reproduction,0,50.59,100.53,7
P005,Baseline workflow,Experiment reproduction,1,51.35,80.08,4
P005,Baseline workflow,Experiment reproduction,2,56.02,95.04,3
P005,Baseline workflow,Experiment reproduction,3,59.01,89.86,5
P005,Baseline workflow,Experiment reproduction,4,62.29,72.21,2
P005,Baseline workflow,Paper argumentation,0,52.26,84.04,4
P005,Baseline workflow,Paper argumentation,1,59.41,81.47,2
P005,Baseline workflow,Paper argumentation,2,55.75,78.83,3
P005,Baseline workflow,Paper argumentation,3,67.41,86.73,6
P005,Baseline workflow,Paper argumentation,4,67.4,79.09,2
P006,Light-assisted workflow,Literature mapping,0,66.57,74.45,5
P006,Light-assisted workflow,Literature mapping,1,63.16,59.31,3
P006,Light-assisted workflow,Literature mapping,2,78.72,58.24,2
P006,Light-assisted workflow,Literature mapping,3,86.39,48.89,2
P006,Light-assisted workflow,Literature mapping,4,89.09,64.23,1
P006,Light-assisted workflow,Experiment reproduction,0,52.98,81.28,4
P006,Light-assisted workflow,Experiment reproduction,1,56.27,99.57,5
P006,Light-assisted workflow,Experiment reproduction,2,60.61,81.47,0
P006,Light-assisted workflow,Experiment reproduction,3,71.09,61.54,2
P006,Light-assisted workflow,Experiment reproduction,4,77.87,78.04,2
P006,Light-assisted workflow,Paper argumentation,0,63.76,82.25,1
P006,Light-assisted workflow,Paper argumentation,1,63.67,69.37,6
P006,Light-assisted workflow,Paper argumentation,2,71.4,68.16,2
P006,Light-assisted workflow,Paper argumentation,3,75.87,61.92,3
P006,Light-assisted workflow,Paper argumentation,4,79.39,65.96,2
P007,Light-assisted workflow,Literature mapping,0,71.98,79.55,6
P007,Light-assisted workflow,Literature mapping,1,79.11,74.94,2
P007,Light-assisted workflow,Literature mapping,2,72.91,63.19,3
P007,Light-assisted workflow,Literature mapping,3,90.99,53.26,4
P007,Light-assisted workflow,Literature mapping,4,88.75,53.18,2
P007,Light-assisted workflow,Experiment reproduction,0,69.71,85.83,2
P007,Light-assisted workflow,Experiment reproduction,1,68.47,86.5,1
P007,Light-assisted workflow,Experiment reproduction,2,80.64,87.09,3
P007,Light-assisted workflow,Experiment reproduction,3,85.59,81.49,5
P007,Light-assisted workflow,Experiment reproduction,4,78.76,90.47,2
P007,Light-assisted workflow,Paper argumentation,0,60.51,86.58,5
P007,Light-assisted workflow,Paper argumentation,1,69.42,74.18,2
P007,Light-assisted workflow,Paper argumentation,2,69.21,70.34,1
P007,Light-assisted workflow,Paper argumentation,3,77.89,83.26,0
P007,Light-assisted workflow,Paper argumentation,4,88.57,49.61,0
P008,Light-assisted workflow,Literature mapping,0,53.09,80.05,0
P008,Light-assisted workflow,Literature mapping,1,58.06,69.14,6
P008,Light-assisted workflow,Literature mapping,2,71.0,67.97,2
P008,Light-assisted workflow,Literature mapping,3,71.09,73.8,1
P008,Light-assisted workflow,Literature mapping,4,77.74,49.51,0
P008,Light-assisted workflow,Experiment reproduction,0,55.19,90.97,5
P008,Light-assisted workflow,Experiment reproduction,1,56.44,89.85,4
P008,Light-assisted workflow,Experiment reproduction,2,63.98,82.18,1
P008,Light-assisted workflow,Experiment reproduction,3,65.4,72.31,3
P008,Light-assisted workflow,Experiment reproduction,4,67.62,74.9,3
P008,Light-assisted workflow,Paper argumentation,0,63.83,83.03,1
P008,Light-assisted workflow,Paper argumentation,1,64.25,93.74,4
P008,Light-assisted workflow,Paper argumentation,2,63.87,69.79,3
P008,Light-assisted workflow,Paper argumentation,3,64.67,81.54,2
P008,Light-assisted workflow,Paper argumentation,4,70.17,76.47,2
P009,Baseline workflow,Literature mapping,0,62.46,83.81,4
P009,Baseline workflow,Literature mapping,1,64.26,71.94,7
P009,Baseline workflow,Literature mapping,2,68.39,64.92,2
P009,Baseline workflow,Literature mapping,3,74.78,71.38,1
P009,Baseline workflow,Literature mapping,4,86.37,61.01,1
P009,Baseline workflow,Experiment reproduction,0,57.08,92.42,6
P009,Baseline workflow,Experiment reproduction,1,62.7,93.21,2
P009,Baseline workflow,Experiment reproduction,2,66.23,87.57,1
P009,Baseline workflow,Experiment reproduction,3,71.14,90.87,7
P009,Baseline workflow,Experiment reproduction,4,73.74,67.86,2
P009,Baseline workflow,Paper argumentation,0,61.55,77.94,3
P009,Baseline workflow,Paper argumentation,1,62.81,77.03,4
P009,Baseline workflow,Paper argumentation,2,63.99,79.43,3
P009,Baseline workflow,Paper argumentation,3,70.46,68.31,1
P009,Baseline workflow,Paper argumentation,4,73.38,79.63,4
P010,Baseline workflow,Literature mapping,0,54.41,75.09,2
P010,Baseline workflow,Literature mapping,1,53.46,69.89,7
P010,Baseline workflow,Literature mapping,2,55.65,67.2,3
P010,Baseline workflow,Literature mapping,3,63.99,61.9,2
P010,Baseline workflow,Literature mapping,4,72.62,49.51,2
P010,Baseline workflow,Experiment reproduction,0,49.53,94.17,3
P010,Baseline workflow,Experiment reproduction,1,45.52,99.84,3
P010,Baseline workflow,Experiment reproduction,2,58.3,90.58,6
P010,Baseline workflow,Experiment reproduction,3,58.46,75.23,3
P010,Baseline workflow,Experiment reproduction,4,66.65,82.11,3
P010,Baseline workflow,Paper argumentation,0,52.13,85.71,5
P010,Baseline workflow,Paper argumentation,1,49.05,88.77,3
P010,Baseline workflow,Paper argumentation,2,54.89,87.51,4
P010,Baseline workflow,Paper argumentation,3,61.57,72.49,4
P010,Baseline workflow,Paper argumentation,4,70.19,65.16,2
P011,Baseline workflow,Literature mapping,0,65.1,65.81,1
P011,Baseline workflow,Literature mapping,1,60.38,72.58,3
P011,Baseline workflow,Literature mapping,2,68.24,78.98,3
P011,Baseline workflow,Literature mapping,3,74.21,77.26,1
P011,Baseline workflow,Literature mapping,4,79.02,56.86,2
P011,Baseline workflow,Experiment reproduction,0,56.13,84.81,6
P011,Baseline workflow,Experiment reproduction,1,65.26,90.87,2
P011,Baseline workflow,Experiment reproduction,2,64.52,80.88,3
P011,Baseline workflow,Experiment reproduction,3,65.24,89.62,0
P011,Baseline workflow,Experiment reproduction,4,65.09,84.41,2
P011,Baseline workflow,Paper argumentation,0,59.5,86.02,2
P011,Baseline workflow,Paper argumentation,1,54.82,83.12,7
P011,Baseline workflow,Paper argumentation,2,59.79,74.17,4
P011,Baseline workflow,Paper argumentation,3,58.13,84.09,2
P011,Baseline workflow,Paper argumentation,4,73.22,67.18,0
P012,Light-assisted workflow,Literature mapping,0,54.84,71.11,2
P012,Light-assisted workflow,Literature mapping,1,53.19,65.63,4
P012,Light-assisted workflow,Literature mapping,2,66.94,60.97,6
P012,Light-assisted workflow,Literature mapping,3,72.61,63.19,5
P012,Light-assisted workflow,Literature mapping,4,75.14,59.12,3
P012,Light-assisted workflow,Experiment reproduction,0,53.78,108.74,3
P012,Light-assisted workflow,Experiment reproduction,1,60.3,93.78,4
P012,Light-assisted workflow,Experiment reproduction,2,62.18,78.88,0
P012,Light-assisted workflow,Experiment reproduction,3,67.12,86.41,4
P012,Light-assisted workflow,Experiment reproduction,4,67.23,58.8,3
P012,Light-assisted workflow,Paper argumentation,0,60.66,86.2,3
P012,Light-assisted workflow,Paper argumentation,1,52.27,90.13,4
P012,Light-assisted workflow,Paper argumentation,2,57.41,87.87,7
P012,Light-assisted workflow,Paper argumentation,3,70.75,74.03,7
P012,Light-assisted workflow,Paper argumentation,4,68.11,73.9,4
P013,Light-assisted workflow,Literature mapping,0,59.41,60.6,5
P013,Light-assisted workflow,Literature mapping,1,65.56,58.6,6
P013,Light-assisted workflow,Literature mapping,2,76.43,55.93,3
P013,Light-assisted workflow,Literature mapping,3,72.03,56.44,0
P013,Light-assisted workflow,Literature mapping,4,83.17,56.3,2
P013,Light-assisted workflow,Experiment reproduction,0,45.42,101.34,4
P013,Light-assisted workflow,Experiment reproduction,1,55.87,88.26,2
P013,Light-assisted workflow,Experiment reproduction,2,61.13,91.64,6
P013,Light-assisted workflow,Experiment reproduction,3,72.32,73.08,4
P013,Light-assisted workflow,Experiment reproduction,4,72.46,79.75,4
P013,Light-assisted workflow,Paper argumentation,0,51.94,79.94,6
P013,Light-assisted workflow,Paper argumentation,1,51.7,84.79,2
P013,Light-assisted workflow,Paper argumentation,2,56.43,77.41,4
P013,Light-assisted workflow,Paper argumentation,3,64.8,62.94,3
P013,Light-assisted workflow,Paper argumentation,4,74.03,53.55,5
P014,Light-assisted workflow,Literature mapping,0,65.04,73.3,3
P014,Light-assisted workflow,Literature mapping,1,78.4,65.29,2
P014,Light-assisted workflow,Literature mapping,2,77.18,72.61,5
P014,Light-assisted workflow,Literature mapping,3,84.38,57.0,1
P014,Light-assisted workflow,Literature mapping,4,96.41,49.94,2
P014,Light-assisted workflow,Experiment reproduction,0,59.49,86.58,1
P014,Light-assisted workflow,Experiment reproduction,1,62.71,79.07,1
P014,Light-assisted workflow,Experiment reproduction,2,67.19,71.45,4
P014,Light-assisted workflow,Experiment reproduction,3,76.1,93.45,1
P014,Light-assisted workflow,Experiment reproduction,4,79.98,82.71,3
P014,Light-assisted workflow,Paper argumentation,0,61.43,92.67,7
P014,Light-assisted workflow,Paper argumentation,1,53.24,82.33,4
P014,Light-assisted workflow,Paper argumentation,2,73.03,67.79,1
P014,Light-assisted workflow,Paper argumentation,3,65.17,66.3,4
P014,Light-assisted workflow,Paper argumentation,4,76.11,74.09,2
P015,Light-assisted workflow,Literature mapping,0,48.91,81.17,2
P015,Light-assisted workflow,Literature mapping,1,54.03,67.07,3
P015,Light-assisted workflow,Literature mapping,2,55.52,71.37,3
P015,Light-assisted workflow,Literature mapping,3,70.11,65.57,4
P015,Light-assisted workflow,Literature mapping,4,76.13,57.51,2
P015,Light-assisted workflow,Experiment reproduction,0,36.76,96.38,1
P015,Light-assisted workflow,Experiment reproduction,1,51.61,84.48,9
P015,Light-assisted workflow,Experiment reproduction,2,49.87,85.92,1
P015,Light-assisted workflow,Experiment reproduction,3,56.04,87.22,2
P015,Light-assisted workflow,Experiment reproduction,4,65.21,86.68,1
P015,Light-assisted workflow,Paper argumentation,0,44.69,87.5,10
P015,Light-assisted workflow,Paper argumentation,1,52.6,78.33,4
P015,Light-assisted workflow,Paper argumentation,2,46.96,83.66,2
P015,Light-assisted workflow,Paper argumentation,3,54.06,75.4,3
P015,Light-assisted workflow,Paper argumentation,4,62.36,62.59,2
P016,Baseline workflow,Literature mapping,0,60.76,71.72,7
P016,Baseline workflow,Literature mapping,1,62.12,66.17,6
P016,Baseline workflow,Literature mapping,2,63.16,64.53,5
P016,Baseline workflow,Literature mapping,3,63.43,63.51,2
P016,Baseline workflow,Literature mapping,4,77.04,56.33,3
P016,Baseline workflow,Experiment reproduction,0,45.56,96.36,3
P016,Baseline workflow,Experiment reproduction,1,49.53,93.03,4
P016,Baseline workflow,Experiment reproduction,2,60.06,76.07,6
P016,Baseline workflow,Experiment reproduction,3,59.47,67.09,4
P016,Baseline workflow,Experiment reproduction,4,63.97,71.61,5
P016,Baseline workflow,Paper argumentation,0,48.2,87.54,2
P016,Baseline workflow,Paper argumentation,1,54.71,87.61,4
P016,Baseline workflow,Paper argumentation,2,57.75,80.83,1
P016,Baseline workflow,Paper argumentation,3,62.3,69.84,2
P016,Baseline workflow,Paper argumentation,4,68.72,77.92,6
P017,Baseline workflow,Literature mapping,0,49.57,63.57,3
P017,Baseline workflow,Literature mapping,1,52.42,66.57,2
P017,Baseline workflow,Literature mapping,2,60.67,68.05,4
P017,Baseline workflow,Literature mapping,3,64.2,65.85,5
P017,Baseline workflow,Literature mapping,4,78.23,57.82,3
P017,Baseline workflow,Experiment reproduction,0,54.21,103.7,5
P017,Baseline workflow,Experiment reproduction,1,55.96,86.88,3
P017,Baseline workflow,Experiment reproduction,2,61.29,90.54,0
P017,Baseline workflow,Experiment reproduction,3,65.88,94.83,1
P017,Baseline workflow,Experiment reproduction,4,66.45,73.02,2
P017,Baseline workflow,Paper argumentation,0,54.28,84.47,6
P017,Baseline workflow,Paper argumentation,1,57.95,80.36,5
P017,Baseline workflow,Paper argumentation,2,61.9,86.35,1
P017,Baseline workflow,Paper argumentation,3,64.94,77.2,1
P017,Baseline workflow,Paper argumentation,4,71.96,66.25,5
P018,Light-assisted workflow,Literature mapping,0,64.49,70.56,5
P018,Light-assisted workflow,Literature mapping,1,67.49,61.8,7
P018,Light-assisted workflow,Literature mapping,2,74.26,57.41,4
P018,Light-assisted workflow,Literature mapping,3,76.44,66.98,2
P018,Light-assisted workflow,Literature mapping,4,86.24,56.29,4
P018,Light-assisted workflow,Experiment reproduction,0,54.7,92.18,1
P018,Light-assisted workflow,Experiment reproduction,1,53.47,87.03,3
P018,Light-assisted workflow,Experiment reproduction,2,61.11,89.1,5
P018,Light-assisted workflow,Experiment reproduction,3,69.34,80.23,6
P018,Light-assisted workflow,Experiment reproduction,4,71.78,86.29,2
P018,Light-assisted workflow,Paper argumentation,0,43.64,85.56,3
P018,Light-assisted workflow,Paper argumentation,1,55.04,75.39,4
P018,Light-assisted workflow,Paper argumentation,2,61.56,73.76,2
P018,Light-assisted workflow,Paper argumentation,3,70.64,67.51,2
P018,Light-assisted workflow,Paper argumentation,4,69.67,65.09,4
P019,Light-assisted workflow,Literature mapping,0,70.87,76.65,2
P019,Light-assisted workflow,Literature mapping,1,64.37,64.82,4
P019,Light-assisted workflow,Literature mapping,2,80.24,63.05,0
P019,Light-assisted workflow,Literature mapping,3,83.46,59.4,5
P019,Light-assisted workflow,Literature mapping,4,81.72,50.17,0
P019,Light-assisted workflow,Experiment reproduction,0,66.56,91.76,1
P019,Light-assisted workflow,Experiment reproduction,1,60.65,86.85,2
P019,Light-assisted workflow,Experiment reproduction,2,71.1,86.58,1
P019,Light-assisted workflow,Experiment reproduction,3,70.0,82.34,1
P019,Light-assisted workflow,Experiment reproduction,4,82.29,59.75,4
P019,Light-assisted workflow,Paper argumentation,0,57.9,85.3,5
P019,Light-assisted workflow,Paper argumentation,1,68.56,89.28,2
P019,Light-assisted workflow,Paper argumentation,2,69.05,77.58,1
P019,Light-assisted workflow,Paper argumentation,3,77.51,78.32,5
P019,Light-assisted workflow,Paper argumentation,4,77.26,58.8,2
P020,Light-assisted workflow,Literature mapping,0,52.28,68.27,2
P020,Light-assisted workflow,Literature mapping,1,52.65,70.53,2
P020,Light-assisted workflow,Literature mapping,2,59.16,67.35,3
P020,Light-assisted workflow,Literature mapping,3,74.76,48.52,0
P020,Light-assisted workflow,Literature mapping,4,77.88,51.22,3
P020,Light-assisted workflow,Experiment reproduction,0,48.24,93.77,2
P020,Light-assisted workflow,Experiment reproduction,1,55.37,90.35,2
P020,Light-assisted workflow,Experiment reproduction,2,52.27,86.72,0
P020,Light-assisted workflow,Experiment reproduction,3,61.92,76.91,2
P020,Light-assisted workflow,Experiment reproduction,4,72.45,76.17,5
P020,Light-assisted workflow,Paper argumentation,0,50.83,91.27,6
P020,Light-assisted workflow,Paper argumentation,1,57.4,76.59,1
P020,Light-assisted workflow,Paper argumentation,2,61.47,79.64,2
P020,Light-assisted workflow,Paper argumentation,3,62.06,71.35,7
P020,Light-assisted workflow,Paper argumentation,4,68.56,56.62,2
P021,Baseline workflow,Literature mapping,0,55.77,74.75,4
P021,Baseline workflow,Literature mapping,1,59.22,75.52,4
P021,Baseline workflow,Literature mapping,2,62.11,73.44,4
P021,Baseline workflow,Literature mapping,3,70.63,65.68,4
P021,Baseline workflow,Literature mapping,4,71.85,61.36,5
P021,Baseline workflow,Experiment reproduction,0,48.33,94.43,1
P021,Baseline workflow,Experiment reproduction,1,55.42,82.11,3
P021,Baseline workflow,Experiment reproduction,2,58.83,99.91,3
P021,Baseline workflow,Experiment reproduction,3,57.16,78.37,0
P021,Baseline workflow,Experiment reproduction,4,61.44,83.31,2
P021,Baseline workflow,Paper argumentation,0,57.25,92.23,1
P021,Baseline workflow,Paper argumentation,1,53.31,83.46,2
P021,Baseline workflow,Paper argumentation,2,62.27,75.97,2
P021,Baseline workflow,Paper argumentation,3,63.38,65.91,5
P021,Baseline workflow,Paper argumentation,4,68.0,70.67,3
P022,Light-assisted workflow,Literature mapping,0,54.64,69.99,5
P022,Light-assisted workflow,Literature mapping,1,64.06,66.14,2
P022,Light-assisted workflow,Literature mapping,2,74.44,69.68,2
P022,Light-assisted workflow,Literature mapping,3,73.63,62.98,2
P022,Light-assisted workflow,Literature mapping,4,79.33,59.19,4
P022,Light-assisted workflow,Experiment reproduction,0,58.65,94.81,4
P022,Light-assisted workflow,Experiment reproduction,1,62.49,91.67,1
P022,Light-assisted workflow,Experiment reproduction,2,65.44,85.52,2
P022,Light-assisted workflow,Experiment reproduction,3,73.71,69.07,2
P022,Light-assisted workflow,Experiment reproduction,4,77.8,69.39,1
P022,Light-assisted workflow,Paper argumentation,0,51.5,84.5,4
P022,Light-assisted workflow,Paper argumentation,1,60.59,90.14,5
P022,Light-assisted workflow,Paper argumentation,2,67.61,82.09,2
P022,Light-assisted workflow,Paper argumentation,3,71.03,72.28,4
P022,Light-assisted workflow,Paper argumentation,4,74.79,69.06,4
P023,Baseline workflow,Literature mapping,0,53.21,85.58,3
P023,Baseline workflow,Literature mapping,1,65.61,67.71,4
P023,Baseline workflow,Literature mapping,2,63.44,59.11,4
P023,Baseline workflow,Literature mapping,3,71.52,59.31,4
P023,Baseline workflow,Literature mapping,4,76.01,61.86,4
P023,Baseline workflow,Experiment reproduction,0,54.83,82.55,3
P023,Baseline workflow,Experiment reproduction,1,54.56,83.93,4
P023,Baseline workflow,Experiment reproduction,2,62.8,83.44,3
P023,Baseline workflow,Experiment reproduction,3,65.2,78.27,5
P023,Baseline workflow,Experiment reproduction,4,66.61,76.58,3
P023,Baseline workflow,Paper argumentation,0,55.34,88.38,3
P023,Baseline workflow,Paper argumentation,1,58.73,81.72,9
P023,Baseline workflow,Paper argumentation,2,67.83,74.97,2
P023,Baseline workflow,Paper argumentation,3,69.35,70.44,4
P023,Baseline workflow,Paper argumentation,4,73.17,74.45,5
P024,Light-assisted workflow,Literature mapping,0,65.21,66.94,4
P024,Light-assisted workflow,Literature mapping,1,70.83,66.9,6
P024,Light-assisted workflow,Literature mapping,2,77.37,51.88,2
P024,Light-assisted workflow,Literature mapping,3,84.84,62.9,2
P024,Light-assisted workflow,Literature mapping,4,86.44,46.89,3
P024,Light-assisted workflow,Experiment reproduction,0,61.85,84.07,2
P024,Light-assisted workflow,Experiment reproduction,1,69.14,90.07,4
P024,Light-assisted workflow,Experiment reproduction,2,71.7,72.11,4
P024,Light-assisted workflow,Experiment reproduction,3,77.3,72.84,6
P024,Light-assisted workflow,Experiment reproduction,4,79.37,64.48,1
P024,Light-assisted workflow,Paper argumentation,0,65.32,71.13,7
P024,Light-assisted workflow,Paper argumentation,1,69.26,80.73,7
P024,Light-assisted workflow,Paper argumentation,2,70.74,66.43,3
P024,Light-assisted workflow,Paper argumentation,3,69.24,69.8,3
P024,Light-assisted workflow,Paper argumentation,4,79.08,68.24,0
P025,Baseline workflow,Literature mapping,0,49.4,79.72,3
P025,Baseline workflow,Literature mapping,1,55.57,76.91,1
P025,Baseline workflow,Literature mapping,2,60.63,50.42,3
P025,Baseline workflow,Literature mapping,3,64.55,75.5,5
P025,Baseline workflow,Literature mapping,4,68.42,64.49,4
P025,Baseline workflow,Experiment reproduction,0,41.44,89.0,8
P025,Baseline workflow,Experiment reproduction,1,48.67,90.53,8
P025,Baseline workflow,Experiment reproduction,2,53.7,80.7,5
P025,Baseline workflow,Experiment reproduction,3,61.66,88.9,3
P025,Baseline workflow,Experiment reproduction,4,61.8,80.7,3
P025,Baseline workflow,Paper argumentation,0,53.41,84.27,4
P025,Baseline workflow,Paper argumentation,1,51.51,85.8,3
P025,Baseline workflow,Paper argumentation,2,57.97,76.48,5
P025,Baseline workflow,Paper argumentation,3,60.79,74.92,0
P025,Baseline workflow,Paper argumentation,4,63.13,71.55,3
P026,Baseline workflow,Literature mapping,0,57.93,80.95,4
P026,Baseline workflow,Literature mapping,1,57.39,71.84,5
P026,Baseline workflow,Literature mapping,2,62.12,60.08,3
P026,Baseline workflow,Literature mapping,3,66.94,66.16,1
P026,Baseline workflow,Literature mapping,4,71.33,53.78,3
P026,Baseline workflow,Experiment reproduction,0,51.57,94.94,4
P026,Baseline workflow,Experiment reproduction,1,60.34,90.96,5
P026,Baseline workflow,Experiment reproduction,2,56.36,88.37,4
P026,Baseline workflow,Experiment reproduction,3,63.6,91.64,6
P026,Baseline workflow,Experiment reproduction,4,64.06,76.94,1
P026,Baseline workflow,Paper argumentation,0,55.19,89.18,4
P026,Baseline workflow,Paper argumentation,1,61.8,93.84,3
P026,Baseline workflow,Paper argumentation,2,66.31,78.46,8
P026,Baseline workflow,Paper argumentation,3,67.62,74.69,2
P026,Baseline workflow,Paper argumentation,4,74.51,71.62,1
P027,Light-assisted workflow,Literature mapping,0,64.33,77.59,3
P027,Light-assisted workflow,Literature mapping,1,60.72,60.29,4
P027,Light-assisted workflow,Literature mapping,2,65.13,64.79,3
P027,Light-assisted workflow,Literature mapping,3,85.84,61.51,1
P027,Light-assisted workflow,Literature mapping,4,77.57,56.57,1
P027,Light-assisted workflow,Experiment reproduction,0,59.1,83.5,3
P027,Light-assisted workflow,Experiment reproduction,1,58.97,88.62,4
P027,Light-assisted workflow,Experiment reproduction,2,62.2,78.85,3
P027,Light-assisted workflow,Experiment reproduction,3,76.74,76.97,1
P027,Light-assisted workflow,Experiment reproduction,4,72.57,64.68,3
P027,Light-assisted workflow,Paper argumentation,0,53.67,79.5,3
P027,Light-assisted workflow,Paper argumentation,1,59.02,88.87,1
P027,Light-assisted workflow,Paper argumentation,2,60.16,77.62,3
P027,Light-assisted workflow,Paper argumentation,3,62.76,74.37,1
P027,Light-assisted workflow,Paper argumentation,4,65.22,82.2,3
P028,Light-assisted workflow,Literature mapping,0,45.19,81.02,2
P028,Light-assisted workflow,Literature mapping,1,59.38,63.18,4
P028,Light-assisted workflow,Literature mapping,2,62.4,69.51,2
P028,Light-assisted workflow,Literature mapping,3,71.79,55.85,1
P028,Light-assisted workflow,Literature mapping,4,76.08,48.61,0
P028,Light-assisted workflow,Experiment reproduction,0,55.57,98.18,5
P028,Light-assisted workflow,Experiment reproduction,1,57.05,86.05,2
P028,Light-assisted workflow,Experiment reproduction,2,63.12,93.79,4
P028,Light-assisted workflow,Experiment reproduction,3,68.09,88.79,3
P028,Light-assisted workflow,Experiment reproduction,4,65.93,71.0,1
P028,Light-assisted workflow,Paper argumentation,0,53.0,94.66,4
P028,Light-assisted workflow,Paper argumentation,1,51.74,92.13,4
P028,Light-assisted workflow,Paper argumentation,2,52.88,80.31,1
P028,Light-assisted workflow,Paper argumentation,3,51.94,85.5,1
P028,Light-assisted workflow,Paper argumentation,4,63.71,68.42,1
P029,Light-assisted workflow,Literature mapping,0,53.34,84.92,1
P029,Light-assisted workflow,Literature mapping,1,62.06,81.19,4
P029,Light-assisted workflow,Literature mapping,2,63.06,60.54,3
P029,Light-assisted workflow,Literature mapping,3,62.36,57.99,4
P029,Light-assisted workflow,Literature mapping,4,69.61,61.79,5
P029,Light-assisted workflow,Experiment reproduction,0,46.91,105.39,6
P029,Light-assisted workflow,Experiment reproduction,1,45.68,91.5,3
P029,Light-assisted workflow,Experiment reproduction,2,48.8,81.96,4
P029,Light-assisted workflow,Experiment reproduction,3,57.92,71.0,5
P029,Light-assisted workflow,Experiment reproduction,4,60.15,75.56,3
P029,Light-assisted workflow,Paper argumentation,0,49.54,85.76,1
P029,Light-assisted workflow,Paper argumentation,1,49.06,78.49,4
P029,Light-assisted workflow,Paper argumentation,2,62.59,81.75,3
P029,Light-assisted workflow,Paper argumentation,3,55.26,79.46,1
P029,Light-assisted workflow,Paper argumentation,4,64.29,64.9,3
P030,Baseline workflow,Literature mapping,0,53.15,69.23,4
P030,Baseline workflow,Literature mapping,1,57.96,79.27,3
P030,Baseline workflow,Literature mapping,2,64.06,64.39,1
P030,Baseline workflow,Literature mapping,3,69.86,46.66,4
P030,Baseline workflow,Literature mapping,4,77.45,56.48,1
P030,Baseline workflow,Experiment reproduction,0,38.18,98.9,4
P030,Baseline workflow,Experiment reproduction,1,58.19,92.46,2
P030,Baseline workflow,Experiment reproduction,2,54.28,83.9,2
P030,Baseline workflow,Experiment reproduction,3,60.01,75.52,3
P030,Baseline workflow,Experiment reproduction,4,69.4,86.66,2
P030,Baseline workflow,Paper argumentation,0,54.48,85.83,5
P030,Baseline workflow,Paper argumentation,1,55.15,78.22,5
P030,Baseline workflow,Paper argumentation,2,61.09,95.06,3
P030,Baseline workflow,Paper argumentation,3,61.1,56.86,5
P030,Baseline workflow,Paper argumentation,4,69.79,72.25,2
P031,Light-assisted workflow,Literature mapping,0,58.58,82.22,4
P031,Light-assisted workflow,Literature mapping,1,64.99,73.64,4
P031,Light-assisted workflow,Literature mapping,2,76.32,64.19,2
P031,Light-assisted workflow,Literature mapping,3,83.78,50.55,3
P031,Light-assisted workflow,Literature mapping,4,84.97,48.37,3
P031,Light-assisted workflow,Experiment reproduction,0,59.62,90.75,1
P031,Light-assisted workflow,Experiment reproduction,1,61.89,86.07,3
P031,Light-assisted workflow,Experiment reproduction,2,60.45,86.73,5
P031,Light-assisted workflow,Experiment reproduction,3,73.29,78.39,4
P031,Light-assisted workflow,Experiment reproduction,4,72.86,89.71,1
P031,Light-assisted workflow,Paper argumentation,0,58.87,84.88,4
P031,Light-assisted workflow,Paper argumentation,1,61.03,74.07,1
P031,Light-assisted workflow,Paper argumentation,2,65.68,75.95,5
P031,Light-assisted workflow,Paper argumentation,3,69.19,65.0,1
P031,Light-assisted workflow,Paper argumentation,4,80.67,63.68,2
P032,Baseline workflow,Literature mapping,0,54.58,79.47,4
P032,Baseline workflow,Literature mapping,1,58.49,59.87,3
P032,Baseline workflow,Literature mapping,2,59.15,69.24,0
P032,Baseline workflow,Literature mapping,3,67.78,58.86,4
P032,Baseline workflow,Literature mapping,4,63.38,52.16,1
P032,Baseline workflow,Experiment reproduction,0,45.0,83.56,7
P032,Baseline workflow,Experiment reproduction,1,45.76,104.7,3
P032,Baseline workflow,Experiment reproduction,2,51.4,92.56,3
P032,Baseline workflow,Experiment reproduction,3,51.27,93.82,7
P032,Baseline workflow,Experiment reproduction,4,64.67,75.06,0
P032,Baseline workflow,Paper argumentation,0,46.4,94.28,4
P032,Baseline workflow,Paper argumentation,1,50.77,93.33,3
P032,Baseline workflow,Paper argumentation,2,56.69,78.8,4
P032,Baseline workflow,Paper argumentation,3,55.38,78.34,2
P032,Baseline workflow,Paper argumentation,4,65.21,80.67,1
P033,Baseline workflow,Literature mapping,0,78.39,69.32,8
P033,Baseline workflow,Literature mapping,1,78.75,69.99,2
P033,Baseline workflow,Literature mapping,2,80.7,65.22,1
P033,Baseline workflow,Literature mapping,3,83.64,56.32,2
P033,Baseline workflow,Literature mapping,4,87.15,55.65,3
P033,Baseline workflow,Experiment reproduction,0,71.63,88.61,2
P033,Baseline workflow,Experiment reproduction,1,73.27,90.6,4
P033,Baseline workflow,Experiment reproduction,2,78.75,77.61,0
P033,Baseline workflow,Experiment reproduction,3,82.61,76.58,4
P033,Baseline workflow,Experiment reproduction,4,90.04,78.6,4
P033,Baseline workflow,Paper argumentation,0,71.69,89.5,5
P033,Baseline workflow,Paper argumentation,1,71.17,87.54,5
P033,Baseline workflow,Paper argumentation,2,81.15,67.57,3
P033,Baseline workflow,Paper argumentation,3,88.45,57.13,4
P033,Baseline workflow,Paper argumentation,4,89.7,57.22,2
P034,Baseline workflow,Literature mapping,0,55.01,81.26,2
P034,Baseline workflow,Literature mapping,1,60.16,74.93,4
P034,Baseline workflow,Literature mapping,2,54.21,75.03,3
P034,Baseline workflow,Literature mapping,3,68.14,74.08,4
P034,Baseline workflow,Literature mapping,4,68.69,59.92,3
P034,Baseline workflow,Experiment reproduction,0,48.75,97.54,7
P034,Baseline workflow,Experiment reproduction,1,55.52,86.32,8
P034,Baseline workflow,Experiment reproduction,2,61.46,88.87,1
P034,Baseline workflow,Experiment reproduction,3,72.54,92.45,4
P034,Baseline workflow,Experiment reproduction,4,66.3,81.91,1
P034,Baseline workflow,Paper argumentation,0,41.99,88.03,4
P034,Baseline workflow,Paper argumentation,1,53.18,80.55,4
P034,Baseline workflow,Paper argumentation,2,54.65,81.85,3
P034,Baseline workflow,Paper argumentation,3,59.88,66.55,2
P034,Baseline workflow,Paper argumentation,4,55.6,74.72,4
P035,Baseline workflow,Literature mapping,0,63.36,77.32,7
P035,Baseline workflow,Literature mapping,1,68.29,69.63,3
P035,Baseline workflow,Literature mapping,2,68.91,68.63,1
P035,Baseline workflow,Literature mapping,3,77.79,63.04,6
P035,Baseline workflow,Literature mapping,4,83.18,63.74,2
P035,Baseline workflow,Experiment reproduction,0,60.76,90.0,6
P035,Baseline workflow,Experiment reproduction,1,67.91,87.0,1
P035,Baseline workflow,Experiment reproduction,2,65.15,90.62,2
P035,Baseline workflow,Experiment reproduction,3,71.61,71.45,4
P035,Baseline workflow,Experiment reproduction,4,73.41,71.2,5
P035,Baseline workflow,Paper argumentation,0,57.54,80.76,7
P035,Baseline workflow,Paper argumentation,1,63.03,73.14,1
P035,Baseline workflow,Paper argumentation,2,69.39,69.74,8
P035,Baseline workflow,Paper argumentation,3,75.93,72.09,4
P035,Baseline workflow,Paper argumentation,4,71.49,66.01,4
P036,Light-assisted workflow,Literature mapping,0,65.29,67.04,0
P036,Light-assisted workflow,Literature mapping,1,63.57,75.08,6
P036,Light-assisted workflow,Literature mapping,2,77.26,57.38,5
P036,Light-assisted workflow,Literature mapping,3,81.16,46.77,1
P036,Light-assisted workflow,Literature mapping,4,89.02,42.49,4
P036,Light-assisted workflow,Experiment reproduction,0,59.75,94.05,5
P036,Light-assisted workflow,Experiment reproduction,1,62.61,80.16,6
P036,Light-assisted workflow,Experiment reproduction,2,68.03,68.7,3
P036,Light-assisted workflow,Experiment reproduction,3,75.39,70.93,5
P036,Light-assisted workflow,Experiment reproduction,4,80.69,74.7,7
P036,Light-assisted workflow,Paper argumentation,0,58.08,92.47,4
P036,Light-assisted workflow,Paper argumentation,1,64.44,67.1,2
P036,Light-assisted workflow,Paper argumentation,2,73.56,70.23,2
P036,Light-assisted workflow,Paper argumentation,3,69.8,70.99,6
P036,Light-assisted workflow,Paper argumentation,4,73.1,74.69,4
P037,Baseline workflow,Literature mapping,0,51.18,70.47,4
P037,Baseline workflow,Literature mapping,1,60.08,75.69,2
P037,Baseline workflow,Literature mapping,2,57.08,69.85,4
P037,Baseline workflow,Literature mapping,3,66.09,59.81,5
P037,Baseline workflow,Literature mapping,4,64.65,60.4,1
P037,Baseline workflow,Experiment reproduction,0,52.8,84.42,6
P037,Baseline workflow,Experiment reproduction,1,55.72,96.12,2
P037,Baseline workflow,Experiment reproduction,2,57.91,86.2,5
P037,Baseline workflow,Experiment reproduction,3,62.9,81.68,4
P037,Baseline workflow,Experiment reproduction,4,71.11,77.1,2
P037,Baseline workflow,Paper argumentation,0,43.74,85.71,4
P037,Baseline workflow,Paper argumentation,1,53.72,83.57,2
P037,Baseline workflow,Paper argumentation,2,54.93,80.94,4
P037,Baseline workflow,Paper argumentation,3,63.18,72.51,1
P037,Baseline workflow,Paper argumentation,4,70.29,80.53,1
P038,Light-assisted workflow,Literature mapping,0,57.35,72.03,4
P038,Light-assisted workflow,Literature mapping,1,56.74,74.33,8
P038,Light-assisted workflow,Literature mapping,2,67.17,60.83,3
P038,Light-assisted workflow,Literature mapping,3,75.0,63.52,2
P038,Light-assisted workflow,Literature mapping,4,81.22,59.07,1
P038,Light-assisted workflow,Experiment reproduction,0,59.11,91.96,1
P038,Light-assisted workflow,Experiment reproduction,1,60.53,89.79,2
P038,Light-assisted workflow,Experiment reproduction,2,63.63,87.37,4
P038,Light-assisted workflow,Experiment reproduction,3,74.57,81.24,1
P038,Light-assisted workflow,Experiment reproduction,4,69.4,72.68,0
P038,Light-assisted workflow,Paper argumentation,0,59.91,74.53,5
P038,Light-assisted workflow,Paper argumentation,1,64.14,71.1,2
P038,Light-assisted workflow,Paper argumentation,2,61.07,70.52,4
P038,Light-assisted workflow,Paper argumentation,3,66.35,67.1,3
P038,Light-assisted workflow,Paper argumentation,4,82.7,67.75,1
P039,Baseline workflow,Literature mapping,0,68.34,66.43,3
P039,Baseline workflow,Literature mapping,1,66.34,68.62,4
P039,Baseline workflow,Literature mapping,2,67.88,68.88,1
P039,Baseline workflow,Literature mapping,3,71.8,69.01,3
P039,Baseline workflow,Literature mapping,4,80.85,61.05,4
P039,Baseline workflow,Experiment reproduction,0,63.13,96.46,7
P039,Baseline workflow,Experiment reproduction,1,62.28,83.23,3
P039,Baseline workflow,Experiment reproduction,2,61.01,99.66,3
P039,Baseline workflow,Experiment reproduction,3,73.91,69.3,3
P039,Baseline workflow,Experiment reproduction,4,66.73,65.94,5
P039,Baseline workflow,Paper argumentation,0,60.28,88.92,3
P039,Baseline workflow,Paper argumentation,1,66.48,76.57,3
P039,Baseline workflow,Paper argumentation,2,66.55,76.51,3
P039,Baseline workflow,Paper argumentation,3,74.85,66.83,7
P039,Baseline workflow,Paper argumentation,4,75.4,72.83,3
P040,Baseline workflow,Literature mapping,0,68.65,67.88,4
P040,Baseline workflow,Literature mapping,1,68.23,52.76,1
P040,Baseline workflow,Literature mapping,2,65.07,65.02,3
P040,Baseline workflow,Literature mapping,3,83.79,60.58,1
P040,Baseline workflow,Literature mapping,4,82.24,64.91,3
P040,Baseline workflow,Experiment reproduction,0,62.2,90.67,1
P040,Baseline workflow,Experiment reproduction,1,63.4,93.98,7
P040,Baseline workflow,Experiment reproduction,2,70.25,100.37,4
P040,Baseline workflow,Experiment reproduction,3,81.28,78.82,2
P040,Baseline workflow,Experiment reproduction,4,81.26,86.62,2
P040,Baseline workflow,Paper argumentation,0,58.55,88.58,2
P040,Baseline workflow,Paper argumentation,1,69.91,80.03,2
P040,Baseline workflow,Paper argumentation,2,67.1,82.8,3
P040,Baseline workflow,Paper argumentation,3,74.02,71.88,2
P040,Baseline workflow,Paper argumentation,4,81.72,61.61,1
P041,Baseline workflow,Literature mapping,0,47.41,73.5,6
P041,Baseline workflow,Literature mapping,1,53.03,78.38,3
P041,Baseline workflow,Literature mapping,2,52.76,71.64,2
P041,Baseline workflow,Literature mapping,3,57.94,64.22,3
P041,Baseline workflow,Literature mapping,4,71.49,70.65,2
P041,Baseline workflow,Experiment reproduction,0,52.0,98.01,3
P041,Baseline workflow,Experiment reproduction,1,49.16,88.93,6
P041,Baseline workflow,Experiment reproduction,2,56.09,97.03,5
P041,Baseline workflow,Experiment reproduction,3,62.12,98.93,1
P041,Baseline workflow,Experiment reproduction,4,62.21,79.33,0
P041,Baseline workflow,Paper argumentation,0,56.83,78.76,2
P041,Baseline workflow,Paper argumentation,1,60.52,87.04,4
P041,Baseline workflow,Paper argumentation,2,58.7,78.55,3
P041,Baseline workflow,Paper argumentation,3,66.18,84.48,6
P041,Baseline workflow,Paper argumentation,4,64.5,64.85,3
P042,Light-assisted workflow,Literature mapping,0,52.0,74.11,4
P042,Light-assisted workflow,Literature mapping,1,62.94,62.07,1
P042,Light-assisted workflow,Literature mapping,2,68.36,70.21,2
P042,Light-assisted workflow,Literature mapping,3,72.79,55.25,3
P042,Light-assisted workflow,Literature mapping,4,72.3,58.21,2
P042,Light-assisted workflow,Experiment reproduction,0,46.66,99.95,1
P042,Light-assisted workflow,Experiment reproduction,1,52.8,94.12,3
P042,Light-assisted workflow,Experiment reproduction,2,55.79,81.48,5
P042,Light-assisted workflow,Experiment reproduction,3,58.7,84.76,0
P042,Light-assisted workflow,Experiment reproduction,4,70.88,67.36,0
P042,Light-assisted workflow,Paper argumentation,0,44.39,85.43,3
P042,Light-assisted workflow,Paper argumentation,1,48.12,92.98,4
P042,Light-assisted workflow,Paper argumentation,2,63.34,67.22,4
P042,Light-assisted workflow,Paper argumentation,3,62.15,69.85,3
P042,Light-assisted workflow,Paper argumentation,4,64.54,62.23,3
P043,Baseline workflow,Literature mapping,0,60.76,69.0,3
P043,Baseline workflow,Literature mapping,1,52.96,62.25,3
P043,Baseline workflow,Literature mapping,2,59.85,67.23,3
P043,Baseline workflow,Literature mapping,3,72.4,54.91,2
P043,Baseline workflow,Literature mapping,4,76.98,57.24,3
P043,Baseline workflow,Experiment reproduction,0,50.62,95.24,4
P043,Baseline workflow,Experiment reproduction,1,63.4,86.85,1
P043,Baseline workflow,Experiment reproduction,2,61.69,92.71,4
P043,Baseline workflow,Experiment reproduction,3,67.82,76.24,0
P043,Baseline workflow,Experiment reproduction,4,76.65,78.57,1
P043,Baseline workflow,Paper argumentation,0,58.7,88.75,5
P043,Baseline workflow,Paper argumentation,1,61.65,81.13,2
P043,Baseline workflow,Paper argumentation,2,64.02,71.31,4
P043,Baseline workflow,Paper argumentation,3,79.84,75.58,2
P043,Baseline workflow,Paper argumentation,4,69.77,65.18,0
P044,Light-assisted workflow,Literature mapping,0,49.09,81.38,6
P044,Light-assisted workflow,Literature mapping,1,57.1,60.19,3
P044,Light-assisted workflow,Literature mapping,2,59.03,58.69,3
P044,Light-assisted workflow,Literature mapping,3,72.96,58.35,2
P044,Light-assisted workflow,Literature mapping,4,72.44,53.3,2
P044,Light-assisted workflow,Experiment reproduction,0,54.3,96.55,2
P044,Light-assisted workflow,Experiment reproduction,1,52.05,99.21,4
P044,Light-assisted workflow,Experiment reproduction,2,57.35,81.34,3
P044,Light-assisted workflow,Experiment reproduction,3,64.02,80.55,0
P044,Light-assisted workflow,Experiment reproduction,4,68.52,75.63,1
P044,Light-assisted workflow,Paper argumentation,0,48.52,89.54,3
P044,Light-assisted workflow,Paper argumentation,1,55.11,76.98,2
P044,Light-assisted workflow,Paper argumentation,2,55.93,72.56,2
P044,Light-assisted workflow,Paper argumentation,3,57.44,76.81,3
P044,Light-assisted workflow,Paper argumentation,4,65.71,67.22,2
P045,Baseline workflow,Literature mapping,0,52.58,77.33,2
P045,Baseline workflow,Literature mapping,1,64.04,70.09,3
P045,Baseline workflow,Literature mapping,2,71.05,73.21,4
P045,Baseline workflow,Literature mapping,3,69.56,68.6,8
P045,Baseline workflow,Literature mapping,4,82.69,60.19,3
P045,Baseline workflow,Experiment reproduction,0,60.47,90.84,7
P045,Baseline workflow,Experiment reproduction,1,57.57,75.9,0
P045,Baseline workflow,Experiment reproduction,2,66.18,90.48,3
P045,Baseline workflow,Experiment reproduction,3,67.6,80.07,0
P045,Baseline workflow,Experiment reproduction,4,78.53,82.12,1
P045,Baseline workflow,Paper argumentation,0,61.97,94.97,6
P045,Baseline workflow,Paper argumentation,1,58.0,81.84,4
P045,Baseline workflow,Paper argumentation,2,67.92,67.51,5
P045,Baseline workflow,Paper argumentation,3,67.95,71.81,1
P045,Baseline workflow,Paper argumentation,4,74.39,67.03,1
P046,Light-assisted workflow,Literature mapping,0,56.33,73.26,5
P046,Light-assisted workflow,Literature mapping,1,63.87,66.37,8
P046,Light-assisted workflow,Literature mapping,2,68.6,54.69,3
P046,Light-assisted workflow,Literature mapping,3,73.77,52.31,0
P046,Light-assisted workflow,Literature mapping,4,78.83,49.14,2
P046,Light-assisted workflow,Experiment reproduction,0,57.01,87.98,1
P046,Light-assisted workflow,Experiment reproduction,1,55.79,87.88,4
P046,Light-assisted workflow,Experiment reproduction,2,66.29,78.75,5
P046,Light-assisted workflow,Experiment reproduction,3,71.06,75.25,7
P046,Light-assisted workflow,Experiment reproduction,4,77.06,74.65,3
P046,Light-assisted workflow,Paper argumentation,0,44.9,91.17,2
P046,Light-assisted workflow,Paper argumentation,1,59.31,74.09,2
P046,Light-assisted workflow,Paper argumentation,2,66.25,82.9,5
P046,Light-assisted workflow,Paper argumentation,3,65.99,72.13,1
P046,Light-assisted workflow,Paper argumentation,4,80.44,60.92,3
P047,Baseline workflow,Literature mapping,0,53.68,72.34,5
P047,Baseline workflow,Literature mapping,1,56.09,69.04,4
P047,Baseline workflow,Literature mapping,2,55.88,65.27,4
P047,Baseline workflow,Literature mapping,3,59.14,72.03,4
P047,Baseline workflow,Literature mapping,4,66.02,60.43,3
P047,Baseline workflow,Experiment reproduction,0,49.57,91.85,2
P047,Baseline workflow,Experiment reproduction,1,49.49,86.94,6
P047,Baseline workflow,Experiment reproduction,2,58.51,96.62,7
P047,Baseline workflow,Experiment reproduction,3,63.92,77.91,1
P047,Baseline workflow,Experiment reproduction,4,61.65,79.31,6
P047,Baseline workflow,Paper argumentation,0,48.78,81.91,3
P047,Baseline workflow,Paper argumentation,1,49.16,82.1,5
P047,Baseline workflow,Paper argumentation,2,58.76,75.27,7
P047,Baseline workflow,Paper argumentation,3,58.28,79.59,7
P047,Baseline workflow,Paper argumentation,4,70.62,73.46,4
P048,Light-assisted workflow,Literature mapping,0,54.05,80.84,4
P048,Light-assisted workflow,Literature mapping,1,50.06,77.23,6
P048,Light-assisted workflow,Literature mapping,2,64.71,61.86,0
P048,Light-assisted workflow,Literature mapping,3,72.34,58.83,2
P048,Light-assisted workflow,Literature mapping,4,78.01,52.87,1
P048,Light-assisted workflow,Experiment reproduction,0,46.09,86.14,2
P048,Light-assisted workflow,Experiment reproduction,1,46.8,88.52,4
P048,Light-assisted workflow,Experiment reproduction,2,58.15,80.85,3
P048,Light-assisted workflow,Experiment reproduction,3,60.48,88.48,2
P048,Light-assisted workflow,Experiment reproduction,4,62.57,66.81,2
P048,Light-assisted workflow,Paper argumentation,0,54.35,91.98,5
P048,Light-assisted workflow,Paper argumentation,1,55.4,85.49,1
P048,Light-assisted workflow,Paper argumentation,2,60.33,78.43,0
P048,Light-assisted workflow,Paper argumentation,3,67.96,76.18,2
P048,Light-assisted workflow,Paper argumentation,4,74.43,65.98,3
P049,Baseline workflow,Literature mapping,0,54.72,83.91,3
P049,Baseline workflow,Literature mapping,1,56.41,73.55,3
P049,Baseline workflow,Literature mapping,2,64.73,60.11,0
P049,Baseline workflow,Literature mapping,3,71.73,59.49,3
P049,Baseline workflow,Literature mapping,4,67.95,59.81,0
P049,Baseline workflow,Experiment reproduction,0,42.52,97.83,4
P049,Baseline workflow,Experiment reproduction,1,45.79,99.11,4
P049,Baseline workflow,Experiment reproduction,2,44.81,86.99,7
P049,Baseline workflow,Experiment reproduction,3,62.78,72.27,5
P049,Baseline workflow,Experiment reproduction,4,54.6,78.07,2
P049,Baseline workflow,Paper argumentation,0,51.41,74.3,4
P049,Baseline workflow,Paper argumentation,1,55.45,80.29,3
P049,Baseline workflow,Paper argumentation,2,58.4,72.08,0
P049,Baseline workflow,Paper argumentation,3,59.6,78.86,1
P049,Baseline workflow,Paper argumentation,4,66.49,71.5,0
P050,Baseline workflow,Literature mapping,0,60.89,70.16,2
P050,Baseline workflow,Literature mapping,1,64.56,66.37,3
P050,Baseline workflow,Literature mapping,2,74.26,63.53,5
P050,Baseline workflow,Literature mapping,3,78.69,60.14,3
P050,Baseline workflow,Literature mapping,4,78.69,57.25,2
P050,Baseline workflow,Experiment reproduction,0,57.69,99.51,6
P050,Baseline workflow,Experiment reproduction,1,57.98,88.72,7
P050,Baseline workflow,Experiment reproduction,2,60.66,98.1,5
P050,Baseline workflow,Experiment reproduction,3,63.38,87.98,3
P050,Baseline workflow,Experiment reproduction,4,73.18,78.36,1
P050,Baseline workflow,Paper argumentation,0,57.28,92.12,3
P050,Baseline workflow,Paper argumentation,1,61.42,73.26,3
P050,Baseline workflow,Paper argumentation,2,68.65,78.95,5
P050,Baseline workflow,Paper argumentation,3,81.07,73.49,4
P050,Baseline workflow,Paper argumentation,4,73.53,80.13,1
P051,Light-assisted workflow,Literature mapping,0,62.25,76.84,5
P051,Light-assisted workflow,Literature mapping,1,63.17,64.85,1
P051,Light-assisted workflow,Literature mapping,2,74.47,64.31,2
P051,Light-assisted workflow,Literature mapping,3,76.04,46.22,2
P051,Light-assisted workflow,Literature mapping,4,79.47,56.86,6
P051,Light-assisted workflow,Experiment reproduction,0,52.03,90.05,6
P051,Light-assisted workflow,Experiment reproduction,1,59.25,84.84,4
P051,Light-assisted workflow,Experiment reproduction,2,61.09,80.21,4
P051,Light-assisted workflow,Experiment reproduction,3,72.58,72.2,2
P051,Light-assisted workflow,Experiment reproduction,4,78.29,69.72,2
P051,Light-assisted workflow,Paper argumentation,0,65.3,83.11,2
P051,Light-assisted workflow,Paper argumentation,1,64.76,77.63,4
P051,Light-assisted workflow,Paper argumentation,2,79.03,70.26,4
P051,Light-assisted workflow,Paper argumentation,3,75.24,67.03,0
P051,Light-assisted workflow,Paper argumentation,4,83.03,66.44,1
P052,Light-assisted workflow,Literature mapping,0,57.32,75.04,1
P052,Light-assisted workflow,Literature mapping,1,55.76,69.21,4
P052,Light-assisted workflow,Literature mapping,2,73.29,59.0,3
P052,Light-assisted workflow,Literature mapping,3,67.21,54.8,5
P052,Light-assisted workflow,Literature mapping,4,83.32,43.6,3
P052,Light-assisted workflow,Experiment reproduction,0,52.8,95.46,5
P052,Light-assisted workflow,Experiment reproduction,1,55.33,97.29,3
P052,Light-assisted workflow,Experiment reproduction,2,60.84,84.32,3
P052,Light-assisted workflow,Experiment reproduction,3,67.09,84.5,1
P052,Light-assisted workflow,Experiment reproduction,4,74.39,70.45,3
P052,Light-assisted workflow,Paper argumentation,0,55.15,81.51,3
P052,Light-assisted workflow,Paper argumentation,1,59.58,82.29,2
P052,Light-assisted workflow,Paper argumentation,2,58.35,81.55,6
P052,Light-assisted workflow,Paper argumentation,3,65.6,58.09,4
P052,Light-assisted workflow,Paper argumentation,4,66.19,68.17,4
P053,Light-assisted workflow,Literature mapping,0,52.77,67.62,3
P053,Light-assisted workflow,Literature mapping,1,58.42,61.12,2
P053,Light-assisted workflow,Literature mapping,2,61.76,58.24,2
P053,Light-assisted workflow,Literature mapping,3,73.97,42.95,6
P053,Light-assisted workflow,Literature mapping,4,75.68,55.58,2
P053,Light-assisted workflow,Experiment reproduction,0,52.87,97.47,1
P053,Light-assisted workflow,Experiment reproduction,1,53.85,90.39,5
P053,Light-assisted workflow,Experiment reproduction,2,60.81,77.46,3
P053,Light-assisted workflow,Experiment reproduction,3,72.83,80.26,1
P053,Light-assisted workflow,Experiment reproduction,4,82.46,74.0,0
P053,Light-assisted workflow,Paper argumentation,0,53.51,97.99,1
P053,Light-assisted workflow,Paper argumentation,1,58.89,80.42,3
P053,Light-assisted workflow,Paper argumentation,2,63.76,84.72,2
P053,Light-assisted workflow,Paper argumentation,3,66.1,65.44,1
P053,Light-assisted workflow,Paper argumentation,4,70.65,65.29,3
P054,Light-assisted workflow,Literature mapping,0,55.13,79.01,4
P054,Light-assisted workflow,Literature mapping,1,63.49,68.67,1
P054,Light-assisted workflow,Literature mapping,2,62.36,68.06,2
P054,Light-assisted workflow,Literature mapping,3,68.8,48.41,4
P054,Light-assisted workflow,Literature mapping,4,75.46,56.96,2
P054,Light-assisted workflow,Experiment reproduction,0,44.83,83.87,6
P054,Light-assisted workflow,Experiment reproduction,1,54.36,98.67,6
P054,Light-assisted workflow,Experiment reproduction,2,51.6,82.21,2
P054,Light-assisted workflow,Experiment reproduction,3,56.27,74.24,1
P054,Light-assisted workflow,Experiment reproduction,4,67.52,76.43,3
P054,Light-assisted workflow,Paper argumentation,0,52.27,91.11,4
P054,Light-assisted workflow,Paper argumentation,1,53.34,84.31,1
P054,Light-assisted workflow,Paper argumentation,2,59.99,68.47,7
P054,Light-assisted workflow,Paper argumentation,3,60.01,70.52,4
P054,Light-assisted workflow,Paper argumentation,4,63.79,71.46,1
P055,Light-assisted workflow,Literature mapping,0,61.79,71.39,5
P055,Light-assisted workflow,Literature mapping,1,60.81,64.35,3
P055,Light-assisted workflow,Literature mapping,2,67.14,67.35,0
P055,Light-assisted workflow,Literature mapping,3,86.02,63.09,6
P055,Light-assisted workflow,Literature mapping,4,78.78,54.27,4
P055,Light-assisted workflow,Experiment reproduction,0,58.22,107.18,7
P055,Light-assisted workflow,Experiment reproduction,1,62.19,89.18,4
P055,Light-assisted workflow,Experiment reproduction,2,70.19,84.38,3
P055,Light-assisted workflow,Experiment reproduction,3,68.3,83.07,3
P055,Light-assisted workflow,Experiment reproduction,4,79.4,79.33,2
P055,Light-assisted workflow,Paper argumentation,0,64.73,79.05,2
P055,Light-assisted workflow,Paper argumentation,1,62.64,81.22,4
P055,Light-assisted workflow,Paper argumentation,2,78.32,75.99,4
P055,Light-assisted workflow,Paper argumentation,3,74.02,78.37,1
P055,Light-assisted workflow,Paper argumentation,4,79.37,76.01,1
P056,Light-assisted workflow,Literature mapping,0,55.65,72.77,4
P056,Light-assisted workflow,Literature mapping,1,62.42,76.48,3
P056,Light-assisted workflow,Literature mapping,2,70.19,66.98,3
P056,Light-assisted workflow,Literature mapping,3,74.3,63.93,2
P056,Light-assisted workflow,Literature mapping,4,82.41,47.91,1
P056,Light-assisted workflow,Experiment reproduction,0,61.44,106.35,1
P056,Light-assisted workflow,Experiment reproduction,1,61.14,92.52,3
P056,Light-assisted workflow,Experiment reproduction,2,61.82,78.28,2
P056,Light-assisted workflow,Experiment reproduction,3,65.15,76.23,3
P056,Light-assisted workflow,Experiment reproduction,4,77.57,88.71,0
P056,Light-assisted workflow,Paper argumentation,0,48.66,87.08,4
P056,Light-assisted workflow,Paper argumentation,1,60.46,76.28,2
P056,Light-assisted workflow,Paper argumentation,2,54.86,81.07,1
P056,Light-assisted workflow,Paper argumentation,3,65.2,65.4,1
P056,Light-assisted workflow,Paper argumentation,4,82.5,58.95,2
P057,Light-assisted workflow,Literature mapping,0,58.75,76.86,2
P057,Light-assisted workflow,Literature mapping,1,63.71,76.7,3
P057,Light-assisted workflow,Literature mapping,2,67.87,77.67,1
P057,Light-assisted workflow,Literature mapping,3,68.7,72.14,3
P057,Light-assisted workflow,Literature mapping,4,79.01,62.61,3
P057,Light-assisted workflow,Experiment reproduction,0,50.05,104.31,4
P057,Light-assisted workflow,Experiment reproduction,1,56.76,80.13,2
P057,Light-assisted workflow,Experiment reproduction,2,63.8,80.83,0
P057,Light-assisted workflow,Experiment reproduction,3,61.7,76.78,0
P057,Light-assisted workflow,Experiment reproduction,4,64.37,72.04,0
P057,Light-assisted workflow,Paper argumentation,0,47.03,80.46,3
P057,Light-assisted workflow,Paper argumentation,1,50.55,70.23,5
P057,Light-assisted workflow,Paper argumentation,2,58.74,89.11,2
P057,Light-assisted workflow,Paper argumentation,3,55.13,68.95,3
P057,Light-assisted workflow,Paper argumentation,4,75.07,68.33,4
P058,Light-assisted workflow,Literature mapping,0,64.5,73.05,2
P058,Light-assisted workflow,Literature mapping,1,69.01,76.19,4
P058,Light-assisted workflow,Literature mapping,2,76.49,61.25,2
P058,Light-assisted workflow,Literature mapping,3,79.2,61.37,4
P058,Light-assisted workflow,Literature mapping,4,89.22,50.57,1
P058,Light-assisted workflow,Experiment reproduction,0,47.22,103.82,3
P058,Light-assisted workflow,Experiment reproduction,1,58.74,83.9,1
P058,Light-assisted workflow,Experiment reproduction,2,60.94,87.47,4
P058,Light-assisted workflow,Experiment reproduction,3,72.2,71.76,1
P058,Light-assisted workflow,Experiment reproduction,4,80.81,69.17,5
P058,Light-assisted workflow,Paper argumentation,0,58.85,92.14,8
P058,Light-assisted workflow,Paper argumentation,1,61.59,71.62,4
P058,Light-assisted workflow,Paper argumentation,2,67.2,67.88,5
P058,Light-assisted workflow,Paper argumentation,3,63.09,72.77,1
P058,Light-assisted workflow,Paper argumentation,4,73.23,60.79,1
P059,Baseline workflow,Literature mapping,0,52.94,61.0,5
P059,Baseline workflow,Literature mapping,1,51.17,74.26,1
P059,Baseline workflow,Literature mapping,2,56.59,59.86,4
P059,Baseline workflow,Literature mapping,3,64.2,73.55,2
P059,Baseline workflow,Literature mapping,4,75.05,75.69,2
P059,Baseline workflow,Experiment reproduction,0,53.26,95.14,6
P059,Baseline workflow,Experiment reproduction,1,56.56,77.69,8
P059,Baseline workflow,Experiment reproduction,2,59.06,83.76,1
P059,Baseline workflow,Experiment reproduction,3,68.09,81.73,3
P059,Baseline workflow,Experiment reproduction,4,71.48,75.99,5
P059,Baseline workflow,Paper argumentation,0,55.54,89.43,3
P059,Baseline workflow,Paper argumentation,1,51.6,76.27,3
P059,Baseline workflow,Paper argumentation,2,59.34,80.76,3
P059,Baseline workflow,Paper argumentation,3,60.84,64.38,3
P059,Baseline workflow,Paper argumentation,4,69.34,77.41,5
P060,Light-assisted workflow,Literature mapping,0,56.42,83.64,1
P060,Light-assisted workflow,Literature mapping,1,59.45,60.21,5
P060,Light-assisted workflow,Literature mapping,2,58.94,61.22,6
P060,Light-assisted workflow,Literature mapping,3,64.23,60.44,1
P060,Light-assisted workflow,Literature mapping,4,78.43,58.11,3
P060,Light-assisted workflow,Experiment reproduction,0,50.12,88.78,7
P060,Light-assisted workflow,Experiment reproduction,1,53.56,80.65,3
P060,Light-assisted workflow,Experiment reproduction,2,60.59,81.47,1
P060,Light-assisted workflow,Experiment reproduction,3,69.97,67.46,2
P060,Light-assisted workflow,Experiment reproduction,4,69.26,78.83,2
P060,Light-assisted workflow,Paper argumentation,0,58.86,84.31,3
P060,Light-assisted workflow,Paper argumentation,1,59.29,82.87,2
P060,Light-assisted workflow,Paper argumentation,2,66.66,68.44,3
P060,Light-assisted workflow,Paper argumentation,3,67.18,67.35,1
P060,Light-assisted workflow,Paper argumentation,4,69.71,76.28,4
P061,Baseline workflow,Literature mapping,0,65.61,67.71,5
P061,Baseline workflow,Literature mapping,1,62.55,72.15,2
P061,Baseline workflow,Literature mapping,2,70.05,67.32,4
P061,Baseline workflow,Literature mapping,3,73.13,74.77,2
P061,Baseline workflow,Literature mapping,4,83.98,45.69,5
P061,Baseline workflow,Experiment reproduction,0,56.68,86.04,0
P061,Baseline workflow,Experiment reproduction,1,66.16,98.33,5
P061,Baseline workflow,Experiment reproduction,2,64.63,86.49,2
P061,Baseline workflow,Experiment reproduction,3,65.82,86.41,1
P061,Baseline workflow,Experiment reproduction,4,79.29,75.18,4
P061,Baseline workflow,Paper argumentation,0,60.09,86.93,6
P061,Baseline workflow,Paper argumentation,1,64.52,84.42,2
P061,Baseline workflow,Paper argumentation,2,67.38,79.69,4
P061,Baseline workflow,Paper argumentation,3,68.85,68.1,2
P061,Baseline workflow,Paper argumentation,4,78.04,71.17,1
P062,Light-assisted workflow,Literature mapping,0,63.97,75.96,4
P062,Light-assisted workflow,Literature mapping,1,70.74,81.73,3
P062,Light-assisted workflow,Literature mapping,2,77.34,72.89,6
P062,Light-assisted workflow,Literature mapping,3,78.18,53.67,1
P062,Light-assisted workflow,Literature mapping,4,81.44,53.79,2
P062,Light-assisted workflow,Experiment reproduction,0,56.15,81.03,7
P062,Light-assisted workflow,Experiment reproduction,1,67.33,93.11,1
P062,Light-assisted workflow,Experiment reproduction,2,63.08,79.56,2
P062,Light-assisted workflow,Experiment reproduction,3,73.92,84.72,3
P062,Light-assisted workflow,Experiment reproduction,4,77.32,65.59,3
P062,Light-assisted workflow,Paper argumentation,0,52.33,92.72,4
P062,Light-assisted workflow,Paper argumentation,1,54.16,77.4,4
P062,Light-assisted workflow,Paper argumentation,2,64.94,73.56,2
P062,Light-assisted workflow,Paper argumentation,3,61.76,67.64,2
P062,Light-assisted workflow,Paper argumentation,4,76.07,71.91,4
P063,Light-assisted workflow,Literature mapping,0,55.86,73.44,4
P063,Light-assisted workflow,Literature mapping,1,57.11,66.41,4
P063,Light-assisted workflow,Literature mapping,2,74.64,68.45,1
P063,Light-assisted workflow,Literature mapping,3,74.31,63.76,1
P063,Light-assisted workflow,Literature mapping,4,87.79,52.79,2
P063,Light-assisted workflow,Experiment reproduction,0,58.82,88.73,3
P063,Light-assisted workflow,Experiment reproduction,1,63.34,90.28,1
P063,Light-assisted workflow,Experiment reproduction,2,69.43,95.17,2
P063,Light-assisted workflow,Experiment reproduction,3,70.68,73.15,3
P063,Light-assisted workflow,Experiment reproduction,4,81.21,66.28,3
P063,Light-assisted workflow,Paper argumentation,0,56.91,89.65,4
P063,Light-assisted workflow,Paper argumentation,1,65.33,84.97,3
P063,Light-assisted workflow,Paper argumentation,2,62.24,81.9,2
P063,Light-assisted workflow,Paper argumentation,3,75.67,59.98,3
P063,Light-assisted workflow,Paper argumentation,4,80.13,56.1,3
P064,Baseline workflow,Literature mapping,0,53.45,71.03,6
P064,Baseline workflow,Literature mapping,1,59.97,60.57,2
P064,Baseline workflow,Literature mapping,2,68.4,66.95,3
P064,Baseline workflow,Literature mapping,3,80.39,63.89,5
P064,Baseline workflow,Literature mapping,4,74.53,57.18,0
P064,Baseline workflow,Experiment reproduction,0,48.66,88.17,6
P064,Baseline workflow,Experiment reproduction,1,55.18,67.17,0
P064,Baseline workflow,Experiment reproduction,2,62.29,94.87,1
P064,Baseline workflow,Experiment reproduction,3,68.82,76.93,0
P064,Baseline workflow,Experiment reproduction,4,67.96,76.53,3
P064,Baseline workflow,Paper argumentation,0,59.92,79.25,5
P064,Baseline workflow,Paper argumentation,1,64.41,75.01,2
P064,Baseline workflow,Paper argumentation,2,57.08,78.69,5
P064,Baseline workflow,Paper argumentation,3,72.32,85.22,4
P064,Baseline workflow,Paper argumentation,4,76.87,65.62,1
P065,Baseline workflow,Literature mapping,0,57.46,64.83,4
P065,Baseline workflow,Literature mapping,1,60.3,71.6,0
P065,Baseline workflow,Literature mapping,2,65.64,72.81,1
P065,Baseline workflow,Literature mapping,3,71.22,68.67,4
P065,Baseline workflow,Literature mapping,4,73.79,64.45,2
P065,Baseline workflow,Experiment reproduction,0,51.3,91.13,4
P065,Baseline workflow,Experiment reproduction,1,56.54,82.61,9
P065,Baseline workflow,Experiment reproduction,2,62.89,96.45,2
P065,Baseline workflow,Experiment reproduction,3,64.6,80.68,2
P065,Baseline workflow,Experiment reproduction,4,71.51,87.97,2
P065,Baseline workflow,Paper argumentation,0,54.38,81.88,4
P065,Baseline workflow,Paper argumentation,1,58.9,94.07,3
P065,Baseline workflow,Paper argumentation,2,62.25,86.59,2
P065,Baseline workflow,Paper argumentation,3,70.4,75.15,4
P065,Baseline workflow,Paper argumentation,4,72.59,78.02,0
P066,Baseline workflow,Literature mapping,0,58.88,70.3,9
P066,Baseline workflow,Literature mapping,1,62.33,70.87,4
P066,Baseline workflow,Literature mapping,2,65.28,79.56,3
P066,Baseline workflow,Literature mapping,3,75.96,55.52,3
P066,Baseline workflow,Literature mapping,4,67.83,66.25,0
P066,Baseline workflow,Experiment reproduction,0,54.69,88.1,3
P066,Baseline workflow,Experiment reproduction,1,53.84,92.59,4
P066,Baseline workflow,Experiment reproduction,2,55.14,85.82,6
P066,Baseline workflow,Experiment reproduction,3,69.02,72.29,3
P066,Baseline workflow,Experiment reproduction,4,66.65,79.7,2
P066,Baseline workflow,Paper argumentation,0,50.47,75.89,2
P066,Baseline workflow,Paper argumentation,1,52.7,86.37,1
P066,Baseline workflow,Paper argumentation,2,51.69,78.42,4
P066,Baseline workflow,Paper argumentation,3,58.59,75.36,3
P066,Baseline workflow,Paper argumentation,4,63.48,65.29,1
P067,Baseline workflow,Literature mapping,0,70.61,63.8,8
P067,Baseline workflow,Literature mapping,1,70.16,70.5,2
P067,Baseline workflow,Literature mapping,2,69.0,65.94,4
P067,Baseline workflow,Literature mapping,3,68.51,63.64,3
P067,Baseline workflow,Literature mapping,4,80.35,58.9,3
P067,Baseline workflow,Experiment reproduction,0,58.34,91.25,3
P067,Baseline workflow,Experiment reproduction,1,62.5,93.69,3
P067,Baseline workflow,Experiment reproduction,2,62.62,83.09,5
P067,Baseline workflow,Experiment reproduction,3,72.65,88.47,5
P067,Baseline workflow,Experiment reproduction,4,75.09,77.26,0
P067,Baseline workflow,Paper argumentation,0,63.26,80.11,1
P067,Baseline workflow,Paper argumentation,1,57.29,73.42,3
P067,Baseline workflow,Paper argumentation,2,62.66,92.11,5
P067,Baseline workflow,Paper argumentation,3,67.76,78.6,2
P067,Baseline workflow,Paper argumentation,4,75.44,75.68,3
P068,Baseline workflow,Literature mapping,0,62.44,78.58,2
P068,Baseline workflow,Literature mapping,1,69.92,74.63,4
P068,Baseline workflow,Literature mapping,2,68.04,67.35,1
P068,Baseline workflow,Literature mapping,3,74.88,63.02,4
P068,Baseline workflow,Literature mapping,4,83.49,59.2,2
P068,Baseline workflow,Experiment reproduction,0,52.22,97.79,4
P068,Baseline workflow,Experiment reproduction,1,60.13,109.53,5
P068,Baseline workflow,Experiment reproduction,2,61.41,84.67,2
P068,Baseline workflow,Experiment reproduction,3,65.77,100.67,3
P068,Baseline workflow,Experiment reproduction,4,72.14,71.14,5
P068,Baseline workflow,Paper argumentation,0,52.03,73.35,7
P068,Baseline workflow,Paper argumentation,1,59.56,86.51,1
P068,Baseline workflow,Paper argumentation,2,64.69,75.2,8
P068,Baseline workflow,Paper argumentation,3,62.67,71.97,4
P068,Baseline workflow,Paper argumentation,4,74.53,75.48,3
P069,Baseline workflow,Literature mapping,0,59.1,57.69,2
P069,Baseline workflow,Literature mapping,1,70.9,60.39,5
P069,Baseline workflow,Literature mapping,2,69.43,71.53,5
P069,Baseline workflow,Literature mapping,3,76.73,63.1,3
P069,Baseline workflow,Literature mapping,4,88.99,58.93,0
P069,Baseline workflow,Experiment reproduction,0,63.86,99.25,0
P069,Baseline workflow,Experiment reproduction,1,58.92,85.82,3
P069,Baseline workflow,Experiment reproduction,2,63.44,81.41,3
P069,Baseline workflow,Experiment reproduction,3,73.38,77.0,4
P069,Baseline workflow,Experiment reproduction,4,70.52,85.36,2
P069,Baseline workflow,Paper argumentation,0,61.59,86.96,4
P069,Baseline workflow,Paper argumentation,1,58.59,93.03,2
P069,Baseline workflow,Paper argumentation,2,66.75,82.48,0
P069,Baseline workflow,Paper argumentation,3,72.96,73.58,0
P069,Baseline workflow,Paper argumentation,4,68.89,67.54,5
P070,Baseline workflow,Literature mapping,0,55.94,82.53,3
P070,Baseline workflow,Literature mapping,1,57.38,68.3,4
P070,Baseline workflow,Literature mapping,2,62.3,54.57,1
P070,Baseline workflow,Literature mapping,3,68.71,68.89,3
P070,Baseline workflow,Literature mapping,4,77.67,55.84,1
P070,Baseline workflow,Experiment reproduction,0,49.45,94.71,4
P070,Baseline workflow,Experiment reproduction,1,42.65,80.46,4
P070,Baseline workflow,Experiment reproduction,2,47.23,84.97,3
P070,Baseline workflow,Experiment reproduction,3,60.31,83.21,3
P070,Baseline workflow,Experiment reproduction,4,62.8,74.53,1
P070,Baseline workflow,Paper argumentation,0,51.21,83.04,4
P070,Baseline workflow,Paper argumentation,1,49.01,83.84,3
P070,Baseline workflow,Paper argumentation,2,51.95,78.88,3
P070,Baseline workflow,Paper argumentation,3,62.27,80.1,3
P070,Baseline workflow,Paper argumentation,4,66.18,72.48,1
P071,Baseline workflow,Literature mapping,0,55.75,71.97,2
P071,Baseline workflow,Literature mapping,1,59.02,58.19,0
P071,Baseline workflow,Literature mapping,2,71.84,65.84,4
P071,Baseline workflow,Literature mapping,3,72.44,67.53,3
P071,Baseline workflow,Literature mapping,4,83.87,63.35,3
P071,Baseline workflow,Experiment reproduction,0,53.71,94.72,2
P071,Baseline workflow,Experiment reproduction,1,71.57,89.81,3
P071,Baseline workflow,Experiment reproduction,2,66.24,85.17,1
P071,Baseline workflow,Experiment reproduction,3,68.09,67.51,1
P071,Baseline workflow,Experiment reproduction,4,73.88,76.91,3
P071,Baseline workflow,Paper argumentation,0,51.03,88.64,5
P071,Baseline workflow,Paper argumentation,1,57.27,84.4,3
P071,Baseline workflow,Paper argumentation,2,66.87,74.5,0
P071,Baseline workflow,Paper argumentation,3,70.69,73.11,2
P071,Baseline workflow,Paper argumentation,4,82.75,57.73,0
P072,Baseline workflow,Literature mapping,0,59.96,65.55,4
P072,Baseline workflow,Literature mapping,1,61.74,71.96,4
P072,Baseline workflow,Literature mapping,2,66.68,80.45,4
P072,Baseline workflow,Literature mapping,3,71.96,63.2,3
P072,Baseline workflow,Literature mapping,4,71.96,55.76,1
P072,Baseline workflow,Experiment reproduction,0,45.36,95.58,6
P072,Baseline workflow,Experiment reproduction,1,52.89,89.21,5
P072,Baseline workflow,Experiment reproduction,2,63.78,74.76,5
P072,Baseline workflow,Experiment reproduction,3,59.88,81.21,2
P072,Baseline workflow,Experiment reproduction,4,60.68,74.8,1
P072,Baseline workflow,Paper argumentation,0,50.72,80.91,3
P072,Baseline workflow,Paper argumentation,1,58.51,85.71,3
P072,Baseline workflow,Paper argumentation,2,66.01,86.36,4
P072,Baseline workflow,Paper argumentation,3,63.05,76.35,3
P072,Baseline workflow,Paper argumentation,4,68.37,69.11,3
P073,Baseline workflow,Literature mapping,0,58.83,70.41,6
P073,Baseline workflow,Literature mapping,1,61.62,78.62,1
P073,Baseline workflow,Literature mapping,2,65.68,72.3,2
P073,Baseline workflow,Literature mapping,3,63.69,61.82,3
P073,Baseline workflow,Literature mapping,4,68.7,59.23,4
P073,Baseline workflow,Experiment reproduction,0,52.48,83.52,2
P073,Baseline workflow,Experiment reproduction,1,60.65,78.87,5
P073,Baseline workflow,Experiment reproduction,2,60.49,91.26,6
P073,Baseline workflow,Experiment reproduction,3,59.11,72.49,1
P073,Baseline workflow,Experiment reproduction,4,66.47,77.18,1
P073,Baseline workflow,Paper argumentation,0,60.36,83.97,2
P073,Baseline workflow,Paper argumentation,1,63.91,72.35,2
P073,Baseline workflow,Paper argumentation,2,66.9,79.65,2
P073,Baseline workflow,Paper argumentation,3,66.45,74.9,4
P073,Baseline workflow,Paper argumentation,4,77.78,73.64,2
P074,Light-assisted workflow,Literature mapping,0,52.8,94.98,1
P074,Light-assisted workflow,Literature mapping,1,58.42,84.99,5
P074,Light-assisted workflow,Literature mapping,2,66.94,68.94,8
P074,Light-assisted workflow,Literature mapping,3,72.78,55.62,3
P074,Light-assisted workflow,Literature mapping,4,83.94,55.97,2
P074,Light-assisted workflow,Experiment reproduction,0,45.57,88.35,4
P074,Light-assisted workflow,Experiment reproduction,1,49.77,93.96,4
P074,Light-assisted workflow,Experiment reproduction,2,58.15,71.04,0
P074,Light-assisted workflow,Experiment reproduction,3,72.12,82.11,2
P074,Light-assisted workflow,Experiment reproduction,4,77.36,73.89,3
P074,Light-assisted workflow,Paper argumentation,0,50.5,87.32,8
P074,Light-assisted workflow,Paper argumentation,1,62.84,85.7,6
P074,Light-assisted workflow,Paper argumentation,2,64.32,73.73,2
P074,Light-assisted workflow,Paper argumentation,3,67.15,62.66,4
P074,Light-assisted workflow,Paper argumentation,4,79.8,60.84,1
P075,Baseline workflow,Literature mapping,0,49.62,76.71,3
P075,Baseline workflow,Literature mapping,1,65.18,71.25,5
P075,Baseline workflow,Literature mapping,2,64.38,70.12,3
P075,Baseline workflow,Literature mapping,3,65.74,70.03,3
P075,Baseline workflow,Literature mapping,4,75.95,57.77,1
P075,Baseline workflow,Experiment reproduction,0,50.35,101.49,2
P075,Baseline workflow,Experiment reproduction,1,51.78,91.45,1
P075,Baseline workflow,Experiment reproduction,2,61.05,84.61,4
P075,Baseline workflow,Experiment reproduction,3,72.15,82.58,4
P075,Baseline workflow,Experiment reproduction,4,71.2,74.85,5
P075,Baseline workflow,Paper argumentation,0,53.46,84.18,5
P075,Baseline workflow,Paper argumentation,1,55.77,89.34,2
P075,Baseline workflow,Paper argumentation,2,58.13,84.79,5
P075,Baseline workflow,Paper argumentation,3,64.16,70.85,4
P075,Baseline workflow,Paper argumentation,4,71.44,73.9,1
P076,Baseline workflow,Literature mapping,0,66.84,73.76,5
P076,Baseline workflow,Literature mapping,1,68.96,76.73,6
P076,Baseline workflow,Literature mapping,2,67.21,67.13,4
P076,Baseline workflow,Literature mapping,3,79.84,53.05,1
P076,Baseline workflow,Literature mapping,4,79.66,58.61,0
P076,Baseline workflow,Experiment reproduction,0,66.86,96.73,7
P076,Baseline workflow,Experiment reproduction,1,64.71,85.25,5
P076,Baseline workflow,Experiment reproduction,2,68.19,85.44,4
P076,Baseline workflow,Experiment reproduction,3,68.92,79.58,2
P076,Baseline workflow,Experiment reproduction,4,73.24,69.55,3
P076,Baseline workflow,Paper argumentation,0,64.21,83.76,4
P076,Baseline workflow,Paper argumentation,1,69.84,84.61,4
P076,Baseline workflow,Paper argumentation,2,76.75,73.36,5
P076,Baseline workflow,Paper argumentation,3,85.6,82.71,1
P076,Baseline workflow,Paper argumentation,4,81.98,76.69,1
P077,Baseline workflow,Literature mapping,0,51.22,82.55,6
P077,Baseline workflow,Literature mapping,1,63.99,71.67,4
P077,Baseline workflow,Literature mapping,2,61.25,66.76,2
P077,Baseline workflow,Literature mapping,3,72.95,78.03,3
P077,Baseline workflow,Literature mapping,4,73.78,57.06,5
P077,Baseline workflow,Experiment reproduction,0,55.41,100.73,4
P077,Baseline workflow,Experiment reproduction,1,65.23,78.13,6
P077,Baseline workflow,Experiment reproduction,2,63.36,77.22,5
P077,Baseline workflow,Experiment reproduction,3,62.01,84.13,2
P077,Baseline workflow,Experiment reproduction,4,71.48,77.02,6
P077,Baseline workflow,Paper argumentation,0,54.3,86.8,5
P077,Baseline workflow,Paper argumentation,1,60.34,76.31,4
P077,Baseline workflow,Paper argumentation,2,63.01,77.67,3
P077,Baseline workflow,Paper argumentation,3,66.73,72.97,3
P077,Baseline workflow,Paper argumentation,4,72.78,61.39,2
P078,Light-assisted workflow,Literature mapping,0,63.7,75.8,5
P078,Light-assisted workflow,Literature mapping,1,71.81,68.0,4
P078,Light-assisted workflow,Literature mapping,2,74.66,56.81,6
P078,Light-assisted workflow,Literature mapping,3,88.85,53.66,7
P078,Light-assisted workflow,Literature mapping,4,87.53,42.06,3
P078,Light-assisted workflow,Experiment reproduction,0,56.98,83.83,3
P078,Light-assisted workflow,Experiment reproduction,1,58.55,81.94,3
P078,Light-assisted workflow,Experiment reproduction,2,68.02,74.12,2
P078,Light-assisted workflow,Experiment reproduction,3,74.7,76.6,0
P078,Light-assisted workflow,Experiment reproduction,4,78.65,70.89,2
P078,Light-assisted workflow,Paper argumentation,0,51.54,87.11,2
P078,Light-assisted workflow,Paper argumentation,1,56.64,70.73,2
P078,Light-assisted workflow,Paper argumentation,2,66.91,70.04,5
P078,Light-assisted workflow,Paper argumentation,3,71.88,73.42,2
P078,Light-assisted workflow,Paper argumentation,4,77.78,60.15,0
P079,Light-assisted workflow,Literature mapping,0,57.8,71.94,2
P079,Light-assisted workflow,Literature mapping,1,55.78,64.25,3
P079,Light-assisted workflow,Literature mapping,2,66.19,59.39,4
P079,Light-assisted workflow,Literature mapping,3,69.43,63.41,2
P079,Light-assisted workflow,Literature mapping,4,85.83,46.52,2
P079,Light-assisted workflow,Experiment reproduction,0,48.74,94.53,2
P079,Light-assisted workflow,Experiment reproduction,1,56.96,77.36,4
P079,Light-assisted workflow,Experiment reproduction,2,56.88,85.2,4
P079,Light-assisted workflow,Experiment reproduction,3,70.15,78.38,2
P079,Light-assisted workflow,Experiment reproduction,4,78.48,82.34,2
P079,Light-assisted workflow,Paper argumentation,0,53.52,77.33,3
P079,Light-assisted workflow,Paper argumentation,1,57.24,74.91,2
P079,Light-assisted workflow,Paper argumentation,2,56.01,72.99,2
P079,Light-assisted workflow,Paper argumentation,3,62.21,73.55,1
P079,Light-assisted workflow,Paper argumentation,4,72.43,73.94,2
P080,Baseline workflow,Literature mapping,0,56.2,80.34,7
P080,Baseline workflow,Literature mapping,1,66.53,64.11,5
P080,Baseline workflow,Literature mapping,2,73.78,67.38,2
P080,Baseline workflow,Literature mapping,3,76.14,71.47,2
P080,Baseline workflow,Literature mapping,4,75.62,53.95,0
P080,Baseline workflow,Experiment reproduction,0,57.03,91.1,1
P080,Baseline workflow,Experiment reproduction,1,66.28,99.51,5
P080,Baseline workflow,Experiment reproduction,2,74.72,97.12,3
P080,Baseline workflow,Experiment reproduction,3,71.2,80.66,3
P080,Baseline workflow,Experiment reproduction,4,79.13,71.82,5
P080,Baseline workflow,Paper argumentation,0,73.37,74.45,1
P080,Baseline workflow,Paper argumentation,1,61.52,82.94,1
P080,Baseline workflow,Paper argumentation,2,65.84,79.49,3
P080,Baseline workflow,Paper argumentation,3,76.93,77.93,5
P080,Baseline workflow,Paper argumentation,4,78.62,70.71,1
P081,Light-assisted workflow,Literature mapping,0,50.29,76.15,1
P081,Light-assisted workflow,Literature mapping,1,58.2,63.06,4
P081,Light-assisted workflow,Literature mapping,2,66.96,59.54,1
P081,Light-assisted workflow,Literature mapping,3,70.62,62.78,6
P081,Light-assisted workflow,Literature mapping,4,80.75,57.91,1
P081,Light-assisted workflow,Experiment reproduction,0,45.88,89.37,9
P081,Light-assisted workflow,Experiment reproduction,1,54.29,92.76,2
P081,Light-assisted workflow,Experiment reproduction,2,59.28,87.95,2
P081,Light-assisted workflow,Experiment reproduction,3,60.75,81.86,3
P081,Light-assisted workflow,Experiment reproduction,4,67.38,81.34,1
P081,Light-assisted workflow,Paper argumentation,0,54.71,73.98,4
P081,Light-assisted workflow,Paper argumentation,1,58.83,87.46,2
P081,Light-assisted workflow,Paper argumentation,2,61.98,71.8,1
P081,Light-assisted workflow,Paper argumentation,3,69.22,83.22,2
P081,Light-assisted workflow,Paper argumentation,4,68.05,64.8,3
P082,Baseline workflow,Literature mapping,0,67.01,76.57,2
P082,Baseline workflow,Literature mapping,1,68.94,73.81,2
P082,Baseline workflow,Literature mapping,2,69.27,61.17,3
P082,Baseline workflow,Literature mapping,3,69.49,73.11,4
P082,Baseline workflow,Literature mapping,4,77.48,67.93,3
P082,Baseline workflow,Experiment reproduction,0,58.73,93.62,4
P082,Baseline workflow,Experiment reproduction,1,62.93,82.73,3
P082,Baseline workflow,Experiment reproduction,2,64.02,79.65,3
P082,Baseline workflow,Experiment reproduction,3,66.91,75.15,3
P082,Baseline workflow,Experiment reproduction,4,80.03,72.62,3
P082,Baseline workflow,Paper argumentation,0,57.13,90.03,3
P082,Baseline workflow,Paper argumentation,1,55.43,64.92,7
P082,Baseline workflow,Paper argumentation,2,59.12,70.65,2
P082,Baseline workflow,Paper argumentation,3,60.65,75.5,2
P082,Baseline workflow,Paper argumentation,4,76.05,71.79,1
P083,Baseline workflow,Literature mapping,0,57.88,75.91,5
P083,Baseline workflow,Literature mapping,1,60.27,72.7,3
P083,Baseline workflow,Literature mapping,2,65.08,69.86,1
P083,Baseline workflow,Literature mapping,3,66.87,66.68,2
P083,Baseline workflow,Literature mapping,4,77.29,67.52,1
P083,Baseline workflow,Experiment reproduction,0,50.01,90.31,8
P083,Baseline workflow,Experiment reproduction,1,57.9,95.37,8
P083,Baseline workflow,Experiment reproduction,2,55.93,86.01,1
P083,Baseline workflow,Experiment reproduction,3,58.12,82.13,4
P083,Baseline workflow,Experiment reproduction,4,59.04,71.0,3
P083,Baseline workflow,Paper argumentation,0,54.07,86.68,3
P083,Baseline workflow,Paper argumentation,1,56.23,90.81,3
P083,Baseline workflow,Paper argumentation,2,59.71,72.35,1
P083,Baseline workflow,Paper argumentation,3,69.11,77.36,5
P083,Baseline workflow,Paper argumentation,4,75.41,76.85,7
P084,Light-assisted workflow,Literature mapping,0,46.45,82.18,4
P084,Light-assisted workflow,Literature mapping,1,57.41,81.6,1
P084,Light-assisted workflow,Literature mapping,2,58.65,63.81,2
P084,Light-assisted workflow,Literature mapping,3,68.97,62.5,2
P084,Light-assisted workflow,Literature mapping,4,75.92,53.89,1
P084,Light-assisted workflow,Experiment reproduction,0,37.94,79.98,2
P084,Light-assisted workflow,Experiment reproduction,1,40.41,87.46,2
P084,Light-assisted workflow,Experiment reproduction,2,57.67,88.8,2
P084,Light-assisted workflow,Experiment reproduction,3,51.88,88.53,1
P084,Light-assisted workflow,Experiment reproduction,4,66.92,76.84,2
P084,Light-assisted workflow,Paper argumentation,0,50.75,96.78,2
P084,Light-assisted workflow,Paper argumentation,1,54.64,90.96,4
P084,Light-assisted workflow,Paper argumentation,2,54.57,78.06,3
P084,Light-assisted workflow,Paper argumentation,3,59.85,73.41,3
P084,Light-assisted workflow,Paper argumentation,4,62.27,63.45,3
P085,Baseline workflow,Literature mapping,0,58.22,66.78,7
P085,Baseline workflow,Literature mapping,1,54.71,67.1,4
P085,Baseline workflow,Literature mapping,2,62.83,81.06,6
P085,Baseline workflow,Literature mapping,3,65.35,65.83,4
P085,Baseline workflow,Literature mapping,4,69.63,62.43,2
P085,Baseline workflow,Experiment reproduction,0,57.99,92.95,3
P085,Baseline workflow,Experiment reproduction,1,61.31,90.31,6
P085,Baseline workflow,Experiment reproduction,2,60.98,71.58,2
P085,Baseline workflow,Experiment reproduction,3,66.59,73.08,4
P085,Baseline workflow,Experiment reproduction,4,73.23,78.51,4
P085,Baseline workflow,Paper argumentation,0,49.11,90.02,1
P085,Baseline workflow,Paper argumentation,1,57.84,80.94,2
P085,Baseline workflow,Paper argumentation,2,61.52,83.39,4
P085,Baseline workflow,Paper argumentation,3,60.99,80.62,3
P085,Baseline workflow,Paper argumentation,4,67.18,76.11,4
P086,Light-assisted workflow,Literature mapping,0,59.33,81.63,5
P086,Light-assisted workflow,Literature mapping,1,64.87,68.25,2
P086,Light-assisted workflow,Literature mapping,2,69.84,64.63,0
P086,Light-assisted workflow,Literature mapping,3,76.51,60.69,2
P086,Light-assisted workflow,Literature mapping,4,77.8,46.92,4
P086,Light-assisted workflow,Experiment reproduction,0,52.96,92.03,3
P086,Light-assisted workflow,Experiment reproduction,1,55.67,88.63,1
P086,Light-assisted workflow,Experiment reproduction,2,54.28,80.4,5
P086,Light-assisted workflow,Experiment reproduction,3,59.63,68.57,3
P086,Light-assisted workflow,Experiment reproduction,4,73.18,78.2,2
P086,Light-assisted workflow,Paper argumentation,0,52.36,74.66,5
P086,Light-assisted workflow,Paper argumentation,1,64.22,80.36,4
P086,Light-assisted workflow,Paper argumentation,2,60.42,81.11,6
P086,Light-assisted workflow,Paper argumentation,3,56.62,67.44,4
P086,Light-assisted workflow,Paper argumentation,4,70.41,72.3,0
P087,Light-assisted workflow,Literature mapping,0,55.6,75.14,6
P087,Light-assisted workflow,Literature mapping,1,66.72,72.55,3
P087,Light-assisted workflow,Literature mapping,2,71.7,55.78,2
P087,Light-assisted workflow,Literature mapping,3,73.57,61.31,5
P087,Light-assisted workflow,Literature mapping,4,78.68,42.63,4
P087,Light-assisted workflow,Experiment reproduction,0,55.46,99.23,1
P087,Light-assisted workflow,Experiment reproduction,1,57.44,87.46,3
P087,Light-assisted workflow,Experiment reproduction,2,60.7,80.69,1
P087,Light-assisted workflow,Experiment reproduction,3,69.99,83.07,4
P087,Light-assisted workflow,Experiment reproduction,4,83.26,70.07,1
P087,Light-assisted workflow,Paper argumentation,0,58.34,97.29,2
P087,Light-assisted workflow,Paper argumentation,1,63.59,64.48,3
P087,Light-assisted workflow,Paper argumentation,2,65.75,78.72,7
P087,Light-assisted workflow,Paper argumentation,3,61.31,71.89,1
P087,Light-assisted workflow,Paper argumentation,4,73.48,79.05,4
P088,Baseline workflow,Literature mapping,0,67.05,72.32,4
P088,Baseline workflow,Literature mapping,1,71.14,71.36,3
P088,Baseline workflow,Literature mapping,2,71.44,67.05,1
P088,Baseline workflow,Literature mapping,3,80.61,62.9,2
P088,Baseline workflow,Literature mapping,4,76.94,68.38,3
P088,Baseline workflow,Experiment reproduction,0,61.32,84.65,1
P088,Baseline workflow,Experiment reproduction,1,53.46,84.71,9
P088,Baseline workflow,Experiment reproduction,2,63.44,79.29,5
P088,Baseline workflow,Experiment reproduction,3,64.96,78.71,1
P088,Baseline workflow,Experiment reproduction,4,63.66,74.71,2
P088,Baseline workflow,Paper argumentation,0,55.88,79.11,2
P088,Baseline workflow,Paper argumentation,1,65.78,63.71,5
P088,Baseline workflow,Paper argumentation,2,63.35,77.67,3
P088,Baseline workflow,Paper argumentation,3,64.81,74.37,3
P088,Baseline workflow,Paper argumentation,4,67.7,64.79,0
P089,Baseline workflow,Literature mapping,0,52.73,77.9,2
P089,Baseline workflow,Literature mapping,1,57.36,72.4,2
P089,Baseline workflow,Literature mapping,2,62.42,65.63,8
P089,Baseline workflow,Literature mapping,3,64.42,57.45,2
P089,Baseline workflow,Literature mapping,4,70.94,68.49,1
P089,Baseline workflow,Experiment reproduction,0,47.89,87.08,5
P089,Baseline workflow,Experiment reproduction,1,56.29,93.83,5
P089,Baseline workflow,Experiment reproduction,2,63.82,95.75,4
P089,Baseline workflow,Experiment reproduction,3,66.4,81.03,2
P089,Baseline workflow,Experiment reproduction,4,56.75,74.02,5
P089,Baseline workflow,Paper argumentation,0,59.05,94.49,1
P089,Baseline workflow,Paper argumentation,1,52.61,83.8,2
P089,Baseline workflow,Paper argumentation,2,62.26,84.39,9
P089,Baseline workflow,Paper argumentation,3,64.13,80.85,2
P089,Baseline workflow,Paper argumentation,4,70.46,77.36,2
P090,Light-assisted workflow,Literature mapping,0,68.71,81.02,2
P090,Light-assisted workflow,Literature mapping,1,64.85,63.73,4
P090,Light-assisted workflow,Literature mapping,2,70.48,64.67,4
P090,Light-assisted workflow,Literature mapping,3,76.13,67.24,3
P090,Light-assisted workflow,Literature mapping,4,82.12,43.39,3
P090,Light-assisted workflow,Experiment reproduction,0,56.22,88.07,5
P090,Light-assisted workflow,Experiment reproduction,1,62.61,85.97,6
P090,Light-assisted workflow,Experiment reproduction,2,70.23,85.14,2
P090,Light-assisted workflow,Experiment reproduction,3,73.86,89.83,5
P090,Light-assisted workflow,Experiment reproduction,4,77.88,71.02,1
P090,Light-assisted workflow,Paper argumentation,0,62.1,80.82,1
P090,Light-assisted workflow,Paper argumentation,1,57.84,86.21,8
P090,Light-assisted workflow,Paper argumentation,2,68.31,82.8,6
P090,Light-assisted workflow,Paper argumentation,3,76.24,66.86,1
P090,Light-assisted workflow,Paper argumentation,4,76.48,56.54,3
P091,Baseline workflow,Literature mapping,0,60.68,76.23,4
P091,Baseline workflow,Literature mapping,1,57.28,76.66,2
P091,Baseline workflow,Literature mapping,2,68.84,78.1,3
P091,Baseline workflow,Literature mapping,3,71.98,70.47,2
P091,Baseline workflow,Literature mapping,4,80.02,51.74,0
P091,Baseline workflow,Experiment reproduction,0,50.71,83.27,2
P091,Baseline workflow,Experiment reproduction,1,61.47,82.36,2
P091,Baseline workflow,Experiment reproduction,2,68.52,81.93,3
P091,Baseline workflow,Experiment reproduction,3,67.14,80.5,3
P091,Baseline workflow,Experiment reproduction,4,68.06,68.99,0
P091,Baseline workflow,Paper argumentation,0,59.0,88.65,2
P091,Baseline workflow,Paper argumentation,1,49.1,72.52,4
P091,Baseline workflow,Paper argumentation,2,61.21,88.41,1
P091,Baseline workflow,Paper argumentation,3,63.59,69.23,2
P091,Baseline workflow,Paper argumentation,4,61.13,72.75,5
P092,Baseline workflow,Literature mapping,0,59.98,71.64,4
P092,Baseline workflow,Literature mapping,1,56.18,75.02,6
P092,Baseline workflow,Literature mapping,2,70.12,66.68,4
P092,Baseline workflow,Literature mapping,3,70.52,68.28,2
P092,Baseline workflow,Literature mapping,4,74.33,69.95,2
P092,Baseline workflow,Experiment reproduction,0,47.42,102.43,8
P092,Baseline workflow,Experiment reproduction,1,51.32,87.59,3
P092,Baseline workflow,Experiment reproduction,2,59.88,96.66,1
P092,Baseline workflow,Experiment reproduction,3,65.65,79.38,3
P092,Baseline workflow,Experiment reproduction,4,71.57,78.94,2
P092,Baseline workflow,Paper argumentation,0,52.02,83.41,2
P092,Baseline workflow,Paper argumentation,1,56.82,88.85,3
P092,Baseline workflow,Paper argumentation,2,52.52,77.11,2
P092,Baseline workflow,Paper argumentation,3,69.57,75.04,1
P092,Baseline workflow,Paper argumentation,4,71.14,61.55,3
P093,Light-assisted workflow,Literature mapping,0,61.03,71.2,1
P093,Light-assisted workflow,Literature mapping,1,66.95,73.3,1
P093,Light-assisted workflow,Literature mapping,2,71.0,79.01,2
P093,Light-assisted workflow,Literature mapping,3,86.51,52.26,3
P093,Light-assisted workflow,Literature mapping,4,89.25,67.89,3
P093,Light-assisted workflow,Experiment reproduction,0,57.82,90.35,2
P093,Light-assisted workflow,Experiment reproduction,1,63.6,87.95,2
P093,Light-assisted workflow,Experiment reproduction,2,58.37,90.95,0
P093,Light-assisted workflow,Experiment reproduction,3,67.45,84.91,4
P093,Light-assisted workflow,Experiment reproduction,4,74.17,72.07,2
P093,Light-assisted workflow,Paper argumentation,0,62.62,95.53,6
P093,Light-assisted workflow,Paper argumentation,1,59.32,85.49,2
P093,Light-assisted workflow,Paper argumentation,2,64.41,81.98,4
P093,Light-assisted workflow,Paper argumentation,3,67.37,67.21,1
P093,Light-assisted workflow,Paper argumentation,4,73.11,61.61,1
P094,Light-assisted workflow,Literature mapping,0,62.11,81.86,4
P094,Light-assisted workflow,Literature mapping,1,71.91,71.43,7
P094,Light-assisted workflow,Literature mapping,2,73.16,67.74,1
P094,Light-assisted workflow,Literature mapping,3,76.17,58.48,1
P094,Light-assisted workflow,Literature mapping,4,87.43,58.18,0
P094,Light-assisted workflow,Experiment reproduction,0,51.25,98.91,2
P094,Light-assisted workflow,Experiment reproduction,1,60.06,91.93,3
P094,Light-assisted workflow,Experiment reproduction,2,60.19,72.23,1
P094,Light-assisted workflow,Experiment reproduction,3,67.71,76.04,5
P094,Light-assisted workflow,Experiment reproduction,4,74.65,80.56,0
P094,Light-assisted workflow,Paper argumentation,0,51.91,87.23,7
P094,Light-assisted workflow,Paper argumentation,1,61.08,83.41,2
P094,Light-assisted workflow,Paper argumentation,2,64.98,82.62,1
P094,Light-assisted workflow,Paper argumentation,3,70.45,69.02,3
P094,Light-assisted workflow,Paper argumentation,4,80.11,75.3,2
P095,Light-assisted workflow,Literature mapping,0,61.68,78.5,8
P095,Light-assisted workflow,Literature mapping,1,69.86,64.69,6
P095,Light-assisted workflow,Literature mapping,2,79.91,66.91,2
P095,Light-assisted workflow,Literature mapping,3,77.37,53.14,1
P095,Light-assisted workflow,Literature mapping,4,80.27,51.03,1
P095,Light-assisted workflow,Experiment reproduction,0,61.14,93.31,5
P095,Light-assisted workflow,Experiment reproduction,1,60.22,81.0,5
P095,Light-assisted workflow,Experiment reproduction,2,74.47,86.75,2
P095,Light-assisted workflow,Experiment reproduction,3,75.33,74.42,5
P095,Light-assisted workflow,Experiment reproduction,4,81.27,67.88,2
P095,Light-assisted workflow,Paper argumentation,0,57.19,85.18,4
P095,Light-assisted workflow,Paper argumentation,1,64.89,87.24,1
P095,Light-assisted workflow,Paper argumentation,2,65.99,78.33,4
P095,Light-assisted workflow,Paper argumentation,3,66.73,71.21,1
P095,Light-assisted workflow,Paper argumentation,4,74.73,78.37,3
P096,Light-assisted workflow,Literature mapping,0,58.99,75.57,5
P096,Light-assisted workflow,Literature mapping,1,55.04,80.59,4
P096,Light-assisted workflow,Literature mapping,2,65.85,67.4,2
P096,Light-assisted workflow,Literature mapping,3,69.96,53.93,1
P096,Light-assisted workflow,Literature mapping,4,79.69,50.33,3
P096,Light-assisted workflow,Experiment reproduction,0,55.0,106.77,4
P096,Light-assisted workflow,Experiment reproduction,1,60.4,88.85,3
P096,Light-assisted workflow,Experiment reproduction,2,65.96,79.05,3
P096,Light-assisted workflow,Experiment reproduction,3,66.09,63.07,2
P096,Light-assisted workflow,Experiment reproduction,4,71.49,87.55,3
P096,Light-assisted workflow,Paper argumentation,0,51.73,81.43,6
P096,Light-assisted workflow,Paper argumentation,1,58.65,85.98,6
P096,Light-assisted workflow,Paper argumentation,2,57.3,74.6,2
P096,Light-assisted workflow,Paper argumentation,3,64.66,76.42,3
P096,Light-assisted workflow,Paper argumentation,4,72.55,64.5,2
